Station ID,Datastream Name,Observed Property,Unit,Result,Timestamp,Latitude,Longitude,CountryCode
3202,SPO_PL0252A_8_001,NO2,µg/m3,36.5,2025-06-21T19:00:00Z/2025-06-21T20:00:00Z,53.121764,17.987906,PL
3202,SPO_PL0252A_9_001,NOX,µg/m3,22.7,2024-05-08T22:00:00Z/2024-05-08T23:00:00Z,53.121764,17.987906,PL
3202,SPO_PL0252A_1_001,SO2,µg/m3,0.8,2020-01-03T08:00:00Z/2020-01-03T09:00:00Z,53.121764,17.987906,PL
3202,"PM10 at Bydgoszcz, pl. Poznański",PM10,µg/m3,11.8,2025-06-21T19:00:00Z/2025-06-21T20:00:00Z,53.121764,17.987906,PL
3202,SPO_PL0252A_10_001,CO,mg/m3,0.565,2025-06-21T19:00:00Z/2025-06-21T20:00:00Z,53.121764,17.987906,PL
3202,SPO_PL0252A_6001_001,PM2.5,µg/m3,2.5,2025-06-21T19:00:00Z/2025-06-21T20:00:00Z,53.121764,17.987906,PL
3202,SPO_PL0252A_38_001,NO,µg/m3,11.9,2023-05-04T08:00:00Z/2023-05-04T09:00:00Z,53.121764,17.987906,PL
3203,SPO_PL0209A_8_001,NO2,µg/m3,25,2025-06-21T19:00:00Z/2025-06-21T20:00:00Z,52.738214,15.228667,PL
3203,SPO_PL0209A_9_001,NOX,µg/m3,18.9485,2024-05-08T22:00:00Z/2024-05-08T23:00:00Z,52.738214,15.228667,PL
3203,SPO_PL0209A_1_001,SO2,µg/m3,1,2025-06-21T19:00:00Z/2025-06-21T20:00:00Z,52.738214,15.228667,PL
3203,PM10 at Gorzów Wlkp. ul. Kosynierów Gdyńskich,PM10,µg/m3,13.7,2025-06-21T19:00:00Z/2025-06-21T20:00:00Z,52.738214,15.228667,PL
3203,SPO_PL0209A_7_001,O3,µg/m3,63,2025-06-21T19:00:00Z/2025-06-21T20:00:00Z,52.738214,15.228667,PL
3203,SPO_PL0209A_10_001,CO,mg/m3,0.432,2025-01-07T09:00:00Z/2025-01-07T10:00:00Z,52.738214,15.228667,PL
3203,SPO_PL0209A_6001_001,PM2.5,µg/m3,8.8,2025-06-21T19:00:00Z/2025-06-21T20:00:00Z,52.738214,15.228667,PL
3203,SPO_PL0209A_38_001,NO,µg/m3,2.17428,2023-12-04T21:00:00Z/2023-12-04T22:00:00Z,52.738214,15.228667,PL
3204,SPO_PL0552A_8_001,NO2,µg/m3,12.9965,2024-01-09T09:00:00Z/2024-01-09T10:00:00Z,50.159406,19.477464,PL
3204,SPO_PL0552A_9_001,NOX,µg/m3,19.4181,2024-01-09T09:00:00Z/2024-01-09T10:00:00Z,50.159406,19.477464,PL
3204,SPO_PL0552A_1_001,SO2,µg/m3,4.2,2025-06-21T19:00:00Z/2025-06-21T20:00:00Z,50.159406,19.477464,PL
3204,"PM10 at Trzebinia, os. Związku Walki Młodych",PM10,µg/m3,22,2025-06-21T18:00:00Z/2025-06-21T19:00:00Z,50.159406,19.477464,PL
3204,SPO_PL0552A_7_001,O3,µg/m3,52.1761,2024-01-09T09:00:00Z/2024-01-09T10:00:00Z,50.159406,19.477464,PL
3204,SPO_PL0552A_10_001,CO,mg/m3,0.221,2025-06-21T19:00:00Z/2025-06-21T20:00:00Z,50.159406,19.477464,PL
3204,SPO_PL0552A_6001_001,PM2.5,µg/m3,19.53999999,2018-12-30T23:00:00Z/2018-12-31T00:00:00Z,50.159406,19.477464,PL
3204,SPO_PL0552A_38_001,NO,µg/m3,3.12782,2023-12-04T21:00:00Z/2023-12-04T22:00:00Z,50.159406,19.477464,PL
3206,"NO2 at Granica, KPN",NO2,µg/m3,2.3,2025-06-21T19:00:00Z/2025-06-21T20:00:00Z,52.285858,20.454653,PL
3206,SPO_PL0128A_9_001,NOX,µg/m3,4.3,2024-05-08T22:00:00Z/2024-05-08T23:00:00Z,52.285858,20.454653,PL
3206,SPO_PL0128A_1_001,SO2,µg/m3,1.2,2025-06-21T19:00:00Z/2025-06-21T20:00:00Z,52.285858,20.454653,PL
3206,SPO_PL0128A_7_001,O3,µg/m3,89.7,2025-06-21T19:00:00Z/2025-06-21T20:00:00Z,52.285858,20.454653,PL
3206,SPO_PL0128A_38_001,NO,µg/m3,0.4,2023-05-04T08:00:00Z/2023-05-04T09:00:00Z,52.285858,20.454653,PL
3209,NO2 at Widuchowa,NO2,µg/m3,8.5,2025-06-21T19:00:00Z/2025-06-21T20:00:00Z,53.122325,14.382245,PL
3209,SPO_PL0182A_9_001,NOX,µg/m3,6.78707,2024-05-08T22:00:00Z/2024-05-08T23:00:00Z,53.122325,14.382245,PL
3209,SPO_PL0182A_1_001,SO2,µg/m3,4.1,2025-06-21T19:00:00Z/2025-06-21T20:00:00Z,53.122325,14.382245,PL
3209,SPO_PL0182A_5_001,PM10,µg/m3,12.44999999,2018-12-30T23:00:00Z/2018-12-31T00:00:00Z,53.122325,14.382245,PL
3209,SPO_PL0182A_7_001,O3,µg/m3,73.5,2025-06-21T19:00:00Z/2025-06-21T20:00:00Z,53.122325,14.382245,PL
3209,SPO_PL0182A_38_001,NO,µg/m3,0.10842,2023-12-04T21:00:00Z/2023-12-04T22:00:00Z,53.122325,14.382245,PL
3214,SPO_PL0094A_8_001,NO2,µg/m3,10.0,2025-06-21T19:00:00Z/2025-06-21T20:00:00Z,52.143258,19.233217,PL
3214,SPO_PL0094A_9_001,NOX,µg/m3,6.4,2024-05-08T22:00:00Z/2024-05-08T23:00:00Z,52.143258,19.233217,PL
3214,SPO_PL0094A_1_001,SO2,µg/m3,1.3,2025-06-21T19:00:00Z/2025-06-21T20:00:00Z,52.143258,19.233217,PL
3214,"PM10 at Gajew, Ujęcie Wody",PM10,µg/m3,15.4,2025-06-21T19:00:00Z/2025-06-21T20:00:00Z,52.143258,19.233217,PL
3214,SPO_PL0094A_7_001,O3,µg/m3,75.9,2025-06-21T19:00:00Z/2025-06-21T20:00:00Z,52.143258,19.233217,PL
3214,SPO_PL0094A_38_001,NO,µg/m3,1.5,2023-05-04T08:00:00Z/2023-05-04T09:00:00Z,52.143258,19.233217,PL
3217,SPO_PL0104A_8_001,NO2,µg/m3,8.9,2025-06-21T19:00:00Z/2025-06-21T20:00:00Z,51.667981,19.368683,PL
3217,SPO_PL0104A_9_001,NOX,µg/m3,67.7,2024-05-08T22:00:00Z/2024-05-08T23:00:00Z,51.667981,19.368683,PL
3217,SPO_PL0104A_1_001,SO2,µg/m3,6.7,2023-01-02T06:00:00Z/2023-01-02T07:00:00Z,51.667981,19.368683,PL
3217,"PM10 at Pabianice, ul. Konstantynowska",PM10,µg/m3,14,2025-06-21T19:00:00Z/2025-06-21T20:00:00Z,51.667981,19.368683,PL
3217,SPO_PL0104A_7_001,O3,µg/m3,88.2,2025-06-21T19:00:00Z/2025-06-21T20:00:00Z,51.667981,19.368683,PL
3217,SPO_PL0104A_38_001,NO,µg/m3,3.6,2023-05-04T08:00:00Z/2023-05-04T09:00:00Z,51.667981,19.368683,PL
3220,SPO_PL0568A_8_001,NO2,µg/m3,10.1,2025-06-21T19:00:00Z/2025-06-21T20:00:00Z,49.719731,18.826722,PL
3220,SPO_PL0568A_9_001,NOX,µg/m3,6.44238,2024-05-08T22:00:00Z/2024-05-08T23:00:00Z,49.719731,18.826722,PL
3220,SPO_PL0568A_1_001,SO2,µg/m3,2.6,2025-06-21T19:00:00Z/2025-06-21T20:00:00Z,49.719731,18.826722,PL
3220,"PM10 at Ustroń, ul. Sanatoryjna",PM10,µg/m3,15.3,2025-06-21T18:00:00Z/2025-06-21T19:00:00Z,49.719731,18.826722,PL
3220,SPO_PL0568A_7_001,O3,µg/m3,90.4,2025-06-21T19:00:00Z/2025-06-21T20:00:00Z,49.719731,18.826722,PL
3220,SPO_PL0568A_38_001,NO,µg/m3,0.59579,2023-12-04T21:00:00Z/2023-12-04T22:00:00Z,49.719731,18.826722,PL
3223,SPO_PL0190A_8_001,NO2,µg/m3,44.6,2025-06-21T19:00:00Z/2025-06-21T20:00:00Z,51.204503,16.180513,PL
3223,SPO_PL0190A_9_001,NOX,µg/m3,12.9118,2024-05-08T22:00:00Z/2024-05-08T23:00:00Z,51.204503,16.180513,PL
3223,SPO_PL0190A_1_001,SO2,µg/m3,10.1,2025-06-21T19:00:00Z/2025-06-21T20:00:00Z,51.204503,16.180513,PL
3223,"PM10 at Legnica, al. Rzeczypospolitej",PM10,µg/m3,18.9,2025-06-21T18:00:00Z/2025-06-21T19:00:00Z,51.204503,16.180513,PL
3223,SPO_PL0190A_7_001,O3,µg/m3,45.2,2025-06-21T19:00:00Z/2025-06-21T20:00:00Z,51.204503,16.180513,PL
3223,SPO_PL0190A_10_001,CO,mg/m3,0.631,2025-06-21T19:00:00Z/2025-06-21T20:00:00Z,51.204503,16.180513,PL
3223,SPO_PL0190A_6001_001,PM2.5,µg/m3,49.61999999,2018-12-30T23:00:00Z/2018-12-31T00:00:00Z,51.204503,16.180513,PL
3223,SPO_PL0190A_38_001,NO,µg/m3,1.13789,2023-12-04T21:00:00Z/2023-12-04T22:00:00Z,51.204503,16.180513,PL
3226,SPO_PL0594A_8_001,NO2,µg/m3,10.6,2025-06-21T19:00:00Z/2025-06-21T20:00:00Z,49.784339,22.756239,PL
3226,SPO_PL0594A_9_001,NOX,µg/m3,10.6868,2024-05-08T22:00:00Z/2024-05-08T23:00:00Z,49.784339,22.756239,PL
3226,SPO_PL0594A_1_001,SO2,µg/m3,2.7,2025-06-21T19:00:00Z/2025-06-21T20:00:00Z,49.784339,22.756239,PL
3226,"PM10 at Przemyśl, ul. Grunwaldzka",PM10,µg/m3,18.4,2025-06-21T19:00:00Z/2025-06-21T20:00:00Z,49.784339,22.756239,PL
3226,SPO_PL0594A_7_001,O3,µg/m3,43.3,2025-06-21T19:00:00Z/2025-06-21T20:00:00Z,49.784339,22.756239,PL
3226,SPO_PL0594A_6001_001,PM2.5,µg/m3,9.6,2025-06-21T19:00:00Z/2025-06-21T20:00:00Z,49.784339,22.756239,PL
3226,SPO_PL0594A_38_001,NO,µg/m3,21.8434,2023-12-04T21:00:00Z/2023-12-04T22:00:00Z,49.784339,22.756239,PL
3229,SPO_PL0468A_8_001,NO2,µg/m3,14,2025-06-21T19:00:00Z/2025-06-21T20:00:00Z,53.154408,16.759572,PL
3229,SPO_PL0468A_9_001,NOX,µg/m3,8.01419,2024-05-08T22:00:00Z/2024-05-08T23:00:00Z,53.154408,16.759572,PL
3229,SPO_PL0468A_1_001,SO2,µg/m3,3,2025-01-02T05:00:00Z/2025-01-02T06:00:00Z,53.154408,16.759572,PL
3229,"PM10 at Pila, ul. Kusocińskiego",PM10,µg/m3,19,2025-06-21T19:00:00Z/2025-06-21T20:00:00Z,53.154408,16.759572,PL
3229,SPO_PL0468A_10_001,CO,mg/m3,0.276,2025-06-21T19:00:00Z/2025-06-21T20:00:00Z,53.154408,16.759572,PL
3229,SPO_PL0468A_38_001,NO,µg/m3,0.72674,2023-12-04T21:00:00Z/2023-12-04T22:00:00Z,53.154408,16.759572,PL
3233,SPO_PL0520A_8_001,NO2,µg/m3,49.7189,2024-05-08T00:00:00Z/2024-05-08T01:00:00Z,54.465758,18.464911,PL
3233,SPO_PL0520A_9_001,NOX,µg/m3,84.579,2024-05-08T00:00:00Z/2024-05-08T01:00:00Z,54.465758,18.464911,PL
3233,SPO_PL0520A_1_001,SO2,µg/m3,3.77233,2024-05-08T00:00:00Z/2024-05-08T01:00:00Z,54.465758,18.464911,PL
3233,SPO_PL0520A_5_001,PM10,µg/m3,14.7798,2024-05-08T00:00:00Z/2024-05-08T01:00:00Z,54.465758,18.464911,PL
3233,SPO_PL0520A_7_001,O3,µg/m3,9.01472,2024-05-08T00:00:00Z/2024-05-08T01:00:00Z,54.465758,18.464911,PL
3233,SPO_PL0520A_6001_001,PM2.5,µg/m3,12.1823,2024-05-08T00:00:00Z/2024-05-08T01:00:00Z,54.465758,18.464911,PL
3233,SPO_PL0520A_38_001,NO,µg/m3,10.525,2023-12-04T21:00:00Z/2023-12-04T22:00:00Z,54.465758,18.464911,PL
3236,SPO_PL0187A_8_001,NO2,µg/m3,20.8238,2020-01-24T09:00:00Z/2020-01-24T10:00:00Z,50.732817,16.64805,PL
3236,SPO_PL0187A_9_001,NOX,µg/m3,33.5277,2020-01-24T09:00:00Z/2020-01-24T10:00:00Z,50.732817,16.64805,PL
3236,SPO_PL0187A_1_001,SO2,µg/m3,8.53327,2020-01-24T09:00:00Z/2020-01-24T10:00:00Z,50.732817,16.64805,PL
3236,"PM10 at Dzierżoniów, ul. Piłsudskiego",PM10,µg/m3,18.5,2025-06-21T18:00:00Z/2025-06-21T19:00:00Z,50.732817,16.64805,PL
3239,SPO_PL0171A_8_001,NO2,µg/m3,22.0457,2020-01-07T09:00:00Z/2020-01-07T10:00:00Z,54.463611,17.046722,PL
3239,SPO_PL0171A_9_001,NOX,µg/m3,0.22531,2020-02-17T13:00:00Z/2020-02-17T14:00:00Z,54.463611,17.046722,PL
3239,SPO_PL0171A_1_001,SO2,µg/m3,12.6883,2020-01-07T08:00:00Z/2020-01-07T09:00:00Z,54.463611,17.046722,PL
3239,"PM10 at Słupsk, ul. Kniaziewicza",PM10,µg/m3,8.9,2025-06-21T18:00:00Z/2025-06-21T19:00:00Z,54.463611,17.046722,PL
3239,SPO_PL0171A_7_001,O3,µg/m3,45.2265,2023-01-04T09:00:00Z/2023-01-04T10:00:00Z,54.463611,17.046722,PL
3239,SPO_PL0171A_10_001,CO,mg/m3,0.340657,2020-01-07T09:00:00Z/2020-01-07T10:00:00Z,54.463611,17.046722,PL
3239,SPO_PL0171A_6001_001,PM2.5,µg/m3,5,2018-12-30T23:00:00Z/2018-12-31T00:00:00Z,54.463611,17.046722,PL
3242,SPO_PL0213A_8_001,NO2,µg/m3,49.1,2025-06-21T19:00:00Z/2025-06-21T20:00:00Z,51.939783,15.518861,PL
3242,SPO_PL0213A_9_001,NOX,µg/m3,6.22781,2024-05-08T22:00:00Z/2024-05-08T23:00:00Z,51.939783,15.518861,PL
3242,SPO_PL0213A_1_001,SO2,µg/m3,7.9,2025-06-21T19:00:00Z/2025-06-21T20:00:00Z,51.939783,15.518861,PL
3242,PM10 at Zielona Góra ul. Krótka,PM10,µg/m3,8.7,2025-06-21T18:00:00Z/2025-06-21T19:00:00Z,51.939783,15.518861,PL
3242,SPO_PL0213A_7_001,O3,µg/m3,49.1,2025-06-21T19:00:00Z/2025-06-21T20:00:00Z,51.939783,15.518861,PL
3242,SPO_PL0213A_10_001,CO,mg/m3,0.476,2025-06-21T19:00:00Z/2025-06-21T20:00:00Z,51.939783,15.518861,PL
3242,PM2.5 at Zielona Góra ul. Krótka,PM2.5,µg/m3,4.3,2025-06-21T18:00:00Z/2025-06-21T19:00:00Z,51.939783,15.518861,PL
3242,SPO_PL0213A_38_001,NO,µg/m3,1.35196,2023-12-04T21:00:00Z/2023-12-04T22:00:00Z,51.939783,15.518861,PL
3246,SPO_PL0518A_8_001,NO2,µg/m3,11,2025-06-21T19:00:00Z/2025-06-21T20:00:00Z,49.744886,21.454617,PL
3246,SPO_PL0518A_9_001,NOX,µg/m3,10.6922,2024-05-08T22:00:00Z/2024-05-08T23:00:00Z,49.744886,21.454617,PL
3246,SPO_PL0518A_1_001,SO2,µg/m3,15.4923,2023-01-02T07:00:00Z/2023-01-02T08:00:00Z,49.744886,21.454617,PL
3246,"PM10 at Jaslo, ul. Sikorskiego",PM10,µg/m3,92.1,2025-06-21T18:00:00Z/2025-06-21T19:00:00Z,49.744886,21.454617,PL
3246,SPO_PL0518A_7_001,O3,µg/m3,36.2,2025-06-21T19:00:00Z/2025-06-21T20:00:00Z,49.744886,21.454617,PL
3246,"PM2.5 at Jaslo, ul. Sikorskiego",PM2.5,µg/m3,4.6,2025-06-21T18:00:00Z/2025-06-21T19:00:00Z,49.744886,21.454617,PL
3246,SPO_PL0518A_38_001,NO,µg/m3,1.2868,2023-12-03T11:00:00Z/2023-12-03T12:00:00Z,49.744886,21.454617,PL
3250,SPO_PL0317A_8_001,NO2,µg/m3,12.2,2025-06-21T19:00:00Z/2025-06-21T20:00:00Z,50.942073,17.291333,PL
3250,SPO_PL0317A_9_001,NOX,µg/m3,9.5531,2024-05-08T22:00:00Z/2024-05-08T23:00:00Z,50.942073,17.291333,PL
3250,SPO_PL0317A_1_001,SO2,µg/m3,3.45196,2020-01-19T23:00:00Z/2020-01-20T00:00:00Z,50.942073,17.291333,PL
3250,"PM10 at Oława, ul. Żołnierzy Armii Krajowej",PM10,µg/m3,49.9,2025-06-21T18:00:00Z/2025-06-21T19:00:00Z,50.942073,17.291333,PL
3250,SPO_PL0317A_7_001,O3,µg/m3,68.5,2025-06-21T19:00:00Z/2025-06-21T20:00:00Z,50.942073,17.291333,PL
3250,SPO_PL0317A_38_001,NO,µg/m3,2.31318,2023-12-04T21:00:00Z/2023-12-04T22:00:00Z,50.942073,17.291333,PL
3253,SPO_PL0298A_8_001,NO2,µg/m3,31.2,2025-06-21T19:00:00Z/2025-06-21T20:00:00Z,54.193986,16.172544,PL
3253,SPO_PL0298A_9_001,NOX,µg/m3,65.6411,2024-05-08T22:00:00Z/2024-05-08T23:00:00Z,54.193986,16.172544,PL
3253,SPO_PL0298A_1_001,SO2,µg/m3,6.02121,2019-12-20T07:00:00Z/2019-12-20T08:00:00Z,54.193986,16.172544,PL
3253,"PM10 at Koszalin, ul. Armii Krajowej",PM10,µg/m3,14.2,2025-06-21T19:00:00Z/2025-06-21T20:00:00Z,54.193986,16.172544,PL
3253,SPO_PL0298A_10_001,CO,mg/m3,0.392,2025-06-21T19:00:00Z/2025-06-21T20:00:00Z,54.193986,16.172544,PL
3253,SPO_PL0298A_38_001,NO,µg/m3,1.04679,2023-12-04T21:00:00Z/2023-12-04T22:00:00Z,54.193986,16.172544,PL
3256,SPO_PL0138A_8_001,NO2,µg/m3,22.5,2025-06-21T19:00:00Z/2025-06-21T20:00:00Z,51.399084,21.147474,PL
3256,SPO_PL0138A_9_001,NOX,µg/m3,16.6,2024-05-08T22:00:00Z/2024-05-08T23:00:00Z,51.399084,21.147474,PL
3256,SPO_PL0138A_1_001,SO2,µg/m3,2.9,2025-06-21T19:00:00Z/2025-06-21T20:00:00Z,51.399084,21.147474,PL
3256,"PM10 at Radom, ul. Tochtermana",PM10,µg/m3,20.1,2025-06-21T19:00:00Z/2025-06-21T20:00:00Z,51.399084,21.147474,PL
3256,SPO_PL0138A_7_001,O3,µg/m3,69.6,2025-06-21T19:00:00Z/2025-06-21T20:00:00Z,51.399084,21.147474,PL
3256,SPO_PL0138A_10_001,CO,mg/m3,0.15,2025-06-21T19:00:00Z/2025-06-21T20:00:00Z,51.399084,21.147474,PL
3256,SPO_PL0138A_6001_001,PM2.5,µg/m3,9.7,2025-06-21T19:00:00Z/2025-06-21T20:00:00Z,51.399084,21.147474,PL
3256,SPO_PL0138A_38_001,NO,µg/m3,1.7,2023-05-04T08:00:00Z/2023-05-04T09:00:00Z,51.399084,21.147474,PL
3259,SPO_PL0129A_8_001,NO2,µg/m3,16.5,2025-06-21T19:00:00Z/2025-06-21T20:00:00Z,52.407578,20.955928,PL
3259,SPO_PL0129A_9_001,NOX,µg/m3,4.5,2024-05-08T22:00:00Z/2024-05-08T23:00:00Z,52.407578,20.955928,PL
3259,SPO_PL0129A_1_001,SO2,µg/m3,1,2025-06-21T19:00:00Z/2025-06-21T20:00:00Z,52.407578,20.955928,PL
3259,"PM10 at Legionowo, ul. Zegrzyńska",PM10,µg/m3,11.3,2025-06-21T19:00:00Z/2025-06-21T20:00:00Z,52.407578,20.955928,PL
3259,SPO_PL0129A_7_001,O3,µg/m3,77.7,2025-06-21T19:00:00Z/2025-06-21T20:00:00Z,52.407578,20.955928,PL
3259,SPO_PL0129A_6001_001,PM2.5,µg/m3,5.6,2025-06-21T19:00:00Z/2025-06-21T20:00:00Z,52.407578,20.955928,PL
3259,SPO_PL0129A_38_001,NO,µg/m3,1.2,2023-05-04T08:00:00Z/2023-05-04T09:00:00Z,52.407578,20.955928,PL
3262,SPO_PL0031A_8_001,NO2,µg/m3,10.0,2025-06-21T19:00:00Z/2025-06-21T20:00:00Z,52.22565,18.268927,PL
3262,SPO_PL0031A_9_001,NOX,µg/m3,6.53029,2024-05-08T22:00:00Z/2024-05-08T23:00:00Z,52.22565,18.268927,PL
3262,SPO_PL0031A_1_001,SO2,µg/m3,1.50135,2020-02-24T11:00:00Z/2020-02-24T12:00:00Z,52.22565,18.268927,PL
3262,"PM10 at Konin, ul. Wyszyńskiego",PM10,µg/m3,21.4,2025-06-21T19:00:00Z/2025-06-21T20:00:00Z,52.22565,18.268927,PL
3262,SPO_PL0031A_7_001,O3,µg/m3,80.6,2025-06-21T19:00:00Z/2025-06-21T20:00:00Z,52.22565,18.268927,PL
3262,SPO_PL0031A_10_001,CO,mg/m3,0.20652,2023-01-02T07:00:00Z/2023-01-02T08:00:00Z,52.22565,18.268927,PL
3262,SPO_PL0031A_38_001,NO,µg/m3,0.25767,2023-12-04T21:00:00Z/2023-12-04T22:00:00Z,52.22565,18.268927,PL
3265,SPO_PL0243A_8_001,NO2,µg/m3,4.1,2025-06-21T19:00:00Z/2025-06-21T20:00:00Z,50.710889,19.458797,PL
3265,SPO_PL0243A_9_001,NOX,µg/m3,4.69396,2024-05-08T22:00:00Z/2024-05-08T23:00:00Z,50.710889,19.458797,PL
3265,SPO_PL0243A_1_001,SO2,µg/m3,3.4,2025-06-21T19:00:00Z/2025-06-21T20:00:00Z,50.710889,19.458797,PL
3265,"PM10 at Złoty Potok, Leśniczówka",PM10,µg/m3,14,2025-06-21T18:00:00Z/2025-06-21T19:00:00Z,50.710889,19.458797,PL
3265,SPO_PL0243A_7_001,O3,µg/m3,73.6,2025-06-21T19:00:00Z/2025-06-21T20:00:00Z,50.710889,19.458797,PL
3265,"PM2.5 at Złoty Potok, Leśniczówka",PM2.5,µg/m3,9.5,2025-06-21T18:00:00Z/2025-06-21T19:00:00Z,50.710889,19.458797,PL
3265,SPO_PL0243A_38_001,NO,µg/m3,0.9349,2023-12-04T21:00:00Z/2023-12-04T22:00:00Z,50.710889,19.458797,PL
3268,SPO_PL0504A_8_001,NO2,µg/m3,19.2,2025-06-21T19:00:00Z/2025-06-21T20:00:00Z,50.433493,16.65366,PL
3268,SPO_PL0504A_9_001,NOX,µg/m3,21.3284,2024-05-08T22:00:00Z/2024-05-08T23:00:00Z,50.433493,16.65366,PL
3268,SPO_PL0504A_1_001,SO2,µg/m3,11.3183,2020-01-23T23:00:00Z/2020-01-24T00:00:00Z,50.433493,16.65366,PL
3268,"PM10 at Kłodzko, ul. Szkolna",PM10,µg/m3,19,2025-06-21T19:00:00Z/2025-06-21T20:00:00Z,50.433493,16.65366,PL
3268,SPO_PL0504A_7_001,O3,µg/m3,54.5,2025-06-21T19:00:00Z/2025-06-21T20:00:00Z,50.433493,16.65366,PL
3268,SPO_PL0504A_6001_001,PM2.5,µg/m3,11.2,2025-06-21T19:00:00Z/2025-06-21T20:00:00Z,50.433493,16.65366,PL
3268,SPO_PL0504A_38_001,NO,µg/m3,0.61761,2023-12-04T21:00:00Z/2023-12-04T22:00:00Z,50.433493,16.65366,PL
3271,SPO_PL0273A_8_001,NO2,µg/m3,25.2,2025-06-21T19:00:00Z/2025-06-21T20:00:00Z,49.971047,19.830422,PL
3271,SPO_PL0273A_9_001,NOX,µg/m3,18.4599,2024-05-08T22:00:00Z/2024-05-08T23:00:00Z,49.971047,19.830422,PL
3271,SPO_PL0273A_1_001,SO2,µg/m3,2.3,2025-06-21T19:00:00Z/2025-06-21T20:00:00Z,49.971047,19.830422,PL
3271,"PM10 at Skawina, os. Ogrody",PM10,µg/m3,17.7,2025-06-21T18:00:00Z/2025-06-21T19:00:00Z,49.971047,19.830422,PL
3271,SPO_PL0273A_38_001,NO,µg/m3,4.84455,2023-12-03T12:00:00Z/2023-12-03T13:00:00Z,49.971047,19.830422,PL
3273,SPO_PL0509A_8_001,NO2,µg/m3,24.4,2025-06-21T19:00:00Z/2025-06-21T20:00:00Z,51.404406,19.696956,PL
3273,SPO_PL0509A_9_001,NOX,µg/m3,13.9,2024-05-08T22:00:00Z/2024-05-08T23:00:00Z,51.404406,19.696956,PL
3273,SPO_PL0509A_1_001,SO2,µg/m3,6.8,2023-01-02T06:00:00Z/2023-01-02T07:00:00Z,51.404406,19.696956,PL
3273,"PM10 at Piotrków Trybunalski, ul. Krakowskie Przedmieście",PM10,µg/m3,21.3,2025-06-21T19:00:00Z/2025-06-21T20:00:00Z,51.404406,19.696956,PL
3273,SPO_PL0509A_7_001,O3,µg/m3,67,2025-06-21T19:00:00Z/2025-06-21T20:00:00Z,51.404406,19.696956,PL
3273,SPO_PL0509A_10_001,CO,mg/m3,0.355,2025-06-21T19:00:00Z/2025-06-21T20:00:00Z,51.404406,19.696956,PL
3273,SPO_PL0509A_6001_001,PM2.5,µg/m3,16.54545454,2018-12-30T23:00:00Z/2018-12-31T00:00:00Z,51.404406,19.696956,PL
3273,SPO_PL0509A_38_001,NO,µg/m3,1.2,2023-05-04T08:00:00Z/2023-05-04T09:00:00Z,51.404406,19.696956,PL
3275,"NO2 at Koniczynka, Pojezierze Chełmińskie",NO2,µg/m3,7.1,2025-06-21T19:00:00Z/2025-06-21T20:00:00Z,53.080647,18.684258,PL
3275,SPO_PL0068A_9_001,NOX,µg/m3,6.7,2024-05-08T22:00:00Z/2024-05-08T23:00:00Z,53.080647,18.684258,PL
3275,SPO_PL0068A_1_001,SO2,µg/m3,1.3,2023-01-02T08:00:00Z/2023-01-02T09:00:00Z,53.080647,18.684258,PL
3275,SPO_PL0068A_5_001,PM10,µg/m3,11.23848901,2018-12-30T23:00:00Z/2018-12-31T00:00:00Z,53.080647,18.684258,PL
3275,SPO_PL0068A_7_001,O3,µg/m3,73.3,2025-06-21T19:00:00Z/2025-06-21T20:00:00Z,53.080647,18.684258,PL
3275,SPO_PL0068A_38_001,NO,µg/m3,2.6,2023-05-04T08:00:00Z/2023-05-04T09:00:00Z,53.080647,18.684258,PL
3276,SPO_PL0121A_8_001,NO2,µg/m3,8.2,2025-06-21T19:00:00Z/2025-06-21T20:00:00Z,49.633714,21.116833,PL
3276,SPO_PL0121A_9_001,NOX,µg/m3,4.68484,2024-05-08T22:00:00Z/2024-05-08T23:00:00Z,49.633714,21.116833,PL
3276,SPO_PL0121A_1_001,SO2,µg/m3,2.6,2025-06-21T19:00:00Z/2025-06-21T20:00:00Z,49.633714,21.116833,PL
3276,PM10 at Szymbark,PM10,µg/m3,4,2025-06-21T18:00:00Z/2025-06-21T19:00:00Z,49.633714,21.116833,PL
3276,SPO_PL0121A_7_001,O3,µg/m3,50.8,2025-06-21T19:00:00Z/2025-06-21T20:00:00Z,49.633714,21.116833,PL
3276,SPO_PL0121A_38_001,NO,µg/m3,0.97735,2023-12-04T21:00:00Z/2023-12-04T22:00:00Z,49.633714,21.116833,PL
3277,SPO_PL0096A_8_001,NO2,µg/m3,6.3,2025-06-21T19:00:00Z/2025-06-21T20:00:00Z,51.75805,19.529786,PL
3277,SPO_PL0096A_9_001,NOX,µg/m3,11.7,2024-05-08T22:00:00Z/2024-05-08T23:00:00Z,51.75805,19.529786,PL
3277,SPO_PL0096A_1_001,SO2,µg/m3,2.7,2019-12-28T11:00:00Z/2019-12-28T12:00:00Z,51.75805,19.529786,PL
3277,"PM10 at Łódź, ul. Czernika",PM10,µg/m3,17.8,2025-06-21T19:00:00Z/2025-06-21T20:00:00Z,51.75805,19.529786,PL
3277,SPO_PL0096A_7_001,O3,µg/m3,88.2,2025-06-21T19:00:00Z/2025-06-21T20:00:00Z,51.75805,19.529786,PL
3277,SPO_PL0096A_10_001,CO,mg/m3,0.492,2020-01-08T23:00:00Z/2020-01-09T00:00:00Z,51.75805,19.529786,PL
3277,"PM2.5 at Łódź, ul. Czernika",PM2.5,µg/m3,10.2,2025-06-21T19:00:00Z/2025-06-21T20:00:00Z,51.75805,19.529786,PL
3277,SPO_PL0096A_38_001,NO,µg/m3,1.5,2023-05-04T08:00:00Z/2023-05-04T09:00:00Z,51.75805,19.529786,PL
3278,SPO_PL0502A_8_001,NO2,µg/m3,17.6,2025-06-21T19:00:00Z/2025-06-21T20:00:00Z,50.020169,21.004167,PL
3278,SPO_PL0502A_9_001,NOX,µg/m3,12.0127,2024-05-08T22:00:00Z/2024-05-08T23:00:00Z,50.020169,21.004167,PL
3278,SPO_PL0502A_1_001,SO2,µg/m3,3.9,2025-06-21T19:00:00Z/2025-06-21T20:00:00Z,50.020169,21.004167,PL
3278,"PM10 at Tarnów, ul. Bitwy pod Studziankami",PM10,µg/m3,5.4,2025-06-21T18:00:00Z/2025-06-21T19:00:00Z,50.020169,21.004167,PL
3278,SPO_PL0502A_7_001,O3,µg/m3,47.7,2025-06-21T19:00:00Z/2025-06-21T20:00:00Z,50.020169,21.004167,PL
3278,SPO_PL0502A_6001_001,PM2.5,µg/m3,10.61999999,2018-12-30T23:00:00Z/2018-12-31T00:00:00Z,50.020169,21.004167,PL
3278,SPO_PL0502A_38_001,NO,µg/m3,1.74301,2023-12-04T21:00:00Z/2023-12-04T22:00:00Z,50.020169,21.004167,PL
3279,SPO_PL0558A_8_001,NO2,µg/m3,7.07332,2023-01-03T08:00:00Z/2023-01-03T09:00:00Z,54.120694,17.975861,PL
3279,SPO_PL0558A_9_001,NOX,µg/m3,10.0045,2023-01-03T08:00:00Z/2023-01-03T09:00:00Z,54.120694,17.975861,PL
3279,SPO_PL0558A_1_001,SO2,µg/m3,12.6514,2020-03-02T09:00:00Z/2020-03-02T10:00:00Z,54.120694,17.975861,PL
3279,"PM10 at Kościerzyna, ul. Targowa",PM10,µg/m3,8.5,2025-06-21T19:00:00Z/2025-06-21T20:00:00Z,54.120694,17.975861,PL
3279,SPO_PL0558A_7_001,O3,µg/m3,68.4944,2022-04-27T08:00:00Z/2022-04-27T09:00:00Z,54.120694,17.975861,PL
3279,SPO_PL0558A_10_001,CO,mg/m3,1.08287,2020-03-02T09:00:00Z/2020-03-02T10:00:00Z,54.120694,17.975861,PL
3279,"PM2.5 at Kościerzyna, ul. Targowa",PM2.5,µg/m3,4.5,2025-06-21T19:00:00Z/2025-06-21T20:00:00Z,54.120694,17.975861,PL
3280,"NO2 at Piaski, Krzyżówka",NO2,µg/m3,10.3,2025-06-21T19:00:00Z/2025-06-21T20:00:00Z,52.501318,17.773175,PL
3280,SPO_PL0247A_9_001,NOX,µg/m3,7.81448,2024-05-08T22:00:00Z/2024-05-08T23:00:00Z,52.501318,17.773175,PL
3280,SPO_PL0247A_1_001,SO2,µg/m3,3.3,2025-06-21T19:00:00Z/2025-06-21T20:00:00Z,52.501318,17.773175,PL
3280,SPO_PL0247A_7_001,O3,µg/m3,78.7,2025-06-21T19:00:00Z/2025-06-21T20:00:00Z,52.501318,17.773175,PL
3280,SPO_PL0247A_38_001,NO,µg/m3,0.74856,2023-12-04T21:00:00Z/2023-12-04T22:00:00Z,52.501318,17.773175,PL
3281,SPO_PL0237A_8_001,NO2,µg/m3,65.8,2025-06-21T19:00:00Z/2025-06-21T20:00:00Z,50.329111,19.231222,PL
3281,SPO_PL0237A_9_001,NOX,µg/m3,12.4217,2024-05-08T22:00:00Z/2024-05-08T23:00:00Z,50.329111,19.231222,PL
3281,SPO_PL0237A_1_001,SO2,µg/m3,2.7,2025-06-21T19:00:00Z/2025-06-21T20:00:00Z,50.329111,19.231222,PL
3281,"PM10 at Dąbrowa Górnicza, ul. Tysiąclecia",PM10,µg/m3,25.5,2025-06-21T18:00:00Z/2025-06-21T19:00:00Z,50.329111,19.231222,PL
3281,SPO_PL0237A_7_001,O3,µg/m3,17.1,2025-06-21T19:00:00Z/2025-06-21T20:00:00Z,50.329111,19.231222,PL
3281,SPO_PL0237A_10_001,CO,mg/m3,0.711,2025-06-21T19:00:00Z/2025-06-21T20:00:00Z,50.329111,19.231222,PL
3281,SPO_PL0237A_38_001,NO,µg/m3,3.56746,2023-12-04T21:00:00Z/2023-12-04T22:00:00Z,50.329111,19.231222,PL
3283,SPO_PL0050A_8_001,NO2,µg/m3,12.2342,2021-04-26T16:00:00Z/2021-04-26T17:00:00Z,54.431667,18.579722,PL
3283,SPO_PL0050A_9_001,NOX,µg/m3,21.4511,2021-04-26T16:00:00Z/2021-04-26T17:00:00Z,54.431667,18.579722,PL
3283,SPO_PL0050A_1_001,SO2,µg/m3,1.90893,2021-04-26T16:00:00Z/2021-04-26T17:00:00Z,54.431667,18.579722,PL
3283,SPO_PL0050A_5_001,PM10,µg/m3,1,2020-08-01T22:00:00Z/2020-08-01T23:00:00Z,54.431667,18.579722,PL
3283,SPO_PL0050A_10_001,CO,mg/m3,0.237858,2021-04-26T16:00:00Z/2021-04-26T17:00:00Z,54.431667,18.579722,PL
3284,SPO_PL0049A_8_001,NO2,µg/m3,12.2191,2020-03-13T10:00:00Z/2020-03-13T11:00:00Z,54.328336,18.557781,PL
3284,SPO_PL0049A_9_001,NOX,µg/m3,16.3929,2020-03-13T10:00:00Z/2020-03-13T11:00:00Z,54.328336,18.557781,PL
3284,SPO_PL0049A_1_001,SO2,µg/m3,1.67465,2020-03-13T10:00:00Z/2020-03-13T11:00:00Z,54.328336,18.557781,PL
3284,SPO_PL0049A_7_001,O3,µg/m3,66.1472,2020-03-13T10:00:00Z/2020-03-13T11:00:00Z,54.328336,18.557781,PL
3284,SPO_PL0049A_10_001,CO,mg/m3,0.261814,2020-03-13T10:00:00Z/2020-03-13T11:00:00Z,54.328336,18.557781,PL
3284,SPO_PL0049A_5_001,PM10,µg/m3,3.1987,2017-12-31T22:00:00Z/2017-12-31T23:00:00Z,54.328336,18.557781,PL
3286,SPO_PL0239A_8_001,NO2,µg/m3,27.9,2025-06-21T19:00:00Z/2025-06-21T20:00:00Z,50.111181,18.516139,PL
3286,SPO_PL0239A_9_001,NOX,µg/m3,26.1093,2024-05-08T22:00:00Z/2024-05-08T23:00:00Z,50.111181,18.516139,PL
3286,SPO_PL0239A_1_001,SO2,µg/m3,4.5,2025-06-21T19:00:00Z/2025-06-21T20:00:00Z,50.111181,18.516139,PL
3286,"PM10 at Rybnik, ul. Borki",PM10,µg/m3,18.9,2025-06-21T19:00:00Z/2025-06-21T20:00:00Z,50.111181,18.516139,PL
3286,SPO_PL0239A_7_001,O3,µg/m3,77.6,2025-06-21T19:00:00Z/2025-06-21T20:00:00Z,50.111181,18.516139,PL
3286,SPO_PL0239A_10_001,CO,mg/m3,0.309,2025-06-21T19:00:00Z/2025-06-21T20:00:00Z,50.111181,18.516139,PL
3286,SPO_PL0239A_38_001,NO,µg/m3,2.37281,2023-12-04T21:00:00Z/2023-12-04T22:00:00Z,50.111181,18.516139,PL
3289,SPO_PL0240A_8_001,NO2,µg/m3,13.5,2025-06-21T19:00:00Z/2025-06-21T20:00:00Z,50.099903,18.990236,PL
3289,SPO_PL0240A_9_001,NOX,µg/m3,26.5269,2024-05-08T22:00:00Z/2024-05-08T23:00:00Z,50.099903,18.990236,PL
3289,SPO_PL0240A_1_001,SO2,µg/m3,6,2025-06-21T19:00:00Z/2025-06-21T20:00:00Z,50.099903,18.990236,PL
3289,"PM10 at Tychy, ul. Tołstoja",PM10,µg/m3,16.7,2025-06-21T19:00:00Z/2025-06-21T20:00:00Z,50.099903,18.990236,PL
3289,SPO_PL0240A_38_001,NO,µg/m3,15.7742,2023-12-04T21:00:00Z/2023-12-04T22:00:00Z,50.099903,18.990236,PL
3290,SPO_PL0573A_8_001,NO2,µg/m3,12.1,2025-06-21T19:00:00Z/2025-06-21T20:00:00Z,52.27672,17.074187,PL
3290,SPO_PL0573A_9_001,NOX,µg/m3,9.22882,2024-05-08T22:00:00Z/2024-05-08T23:00:00Z,52.27672,17.074187,PL
3290,SPO_PL0573A_1_001,SO2,µg/m3,1.9084,2020-02-24T11:00:00Z/2020-02-24T12:00:00Z,52.27672,17.074187,PL
3290,"PM10 at Borówiec, ul. Drapałka",PM10,µg/m3,27.1,2025-06-21T19:00:00Z/2025-06-21T20:00:00Z,52.27672,17.074187,PL
3290,SPO_PL0573A_7_001,O3,µg/m3,72,2025-06-21T19:00:00Z/2025-06-21T20:00:00Z,52.27672,17.074187,PL
3290,SPO_PL0573A_38_001,NO,µg/m3,1.01849,2023-12-04T21:00:00Z/2023-12-04T22:00:00Z,52.27672,17.074187,PL
3292,SPO_PL0039A_8_001,NO2,µg/m3,18.8,2025-06-21T19:00:00Z/2025-06-21T20:00:00Z,50.069308,20.053492,PL
3292,SPO_PL0039A_9_001,NOX,µg/m3,15.125,2024-05-08T22:00:00Z/2024-05-08T23:00:00Z,50.069308,20.053492,PL
3292,SPO_PL0039A_1_001,SO2,µg/m3,2.5,2025-06-21T19:00:00Z/2025-06-21T20:00:00Z,50.069308,20.053492,PL
3292,"PM10 at Kraków, ul. Bulwarowa",PM10,µg/m3,22.6,2025-06-21T19:00:00Z/2025-06-21T20:00:00Z,50.069308,20.053492,PL
3292,SPO_PL0039A_10_001,CO,mg/m3,0.193,2025-01-28T08:00:00Z/2025-01-28T09:00:00Z,50.069308,20.053492,PL
3292,SPO_PL0039A_6001_001,PM2.5,µg/m3,15.2,2025-06-21T19:00:00Z/2025-06-21T20:00:00Z,50.069308,20.053492,PL
3292,SPO_PL0039A_38_001,NO,µg/m3,2.58545,2023-12-04T21:00:00Z/2023-12-04T22:00:00Z,50.069308,20.053492,PL
3293,SPO_PL0507A_8_001,NO2,µg/m3,23.2,2025-06-21T19:00:00Z/2025-06-21T20:00:00Z,51.259431,22.569133,PL
3293,SPO_PL0507A_9_001,NOX,µg/m3,20.8,2024-05-08T22:00:00Z/2024-05-08T23:00:00Z,51.259431,22.569133,PL
3293,SPO_PL0507A_1_001,SO2,µg/m3,2.1,2025-06-21T19:00:00Z/2025-06-21T20:00:00Z,51.259431,22.569133,PL
3293,"PM10 at Lublin, ul. Obywatelska",PM10,µg/m3,10.7,2025-06-21T19:00:00Z/2025-06-21T20:00:00Z,51.259431,22.569133,PL
3293,SPO_PL0507A_7_001,O3,µg/m3,62.9,2025-06-21T19:00:00Z/2025-06-21T20:00:00Z,51.259431,22.569133,PL
3293,SPO_PL0507A_10_001,CO,mg/m3,0.374,2025-06-21T19:00:00Z/2025-06-21T20:00:00Z,51.259431,22.569133,PL
3293,SPO_PL0507A_6001_001,PM2.5,µg/m3,6.9,2025-06-21T19:00:00Z/2025-06-21T20:00:00Z,51.259431,22.569133,PL
3294,SPO_PL0244A_8_001,NO2,µg/m3,13.9389,2023-02-13T18:00:00Z/2023-02-13T19:00:00Z,52.398175,16.959519,PL
3294,SPO_PL0244A_9_001,NOX,µg/m3,14.9398,2023-02-13T18:00:00Z/2023-02-13T19:00:00Z,52.398175,16.959519,PL
3294,SPO_PL0244A_1_001,SO2,µg/m3,2.3291,2020-02-24T11:00:00Z/2020-02-24T12:00:00Z,52.398175,16.959519,PL
3294,SPO_PL0244A_10_001,CO,mg/m3,0.59153,2023-02-13T18:00:00Z/2023-02-13T19:00:00Z,52.398175,16.959519,PL
3294,SPO_PL0244A_5_001,PM10,µg/m3,30.128,2017-12-31T22:00:00Z/2017-12-31T23:00:00Z,52.398175,16.959519,PL
3294,SPO_PL0244A_6001_002,PM2.5,µg/m3,45.47999999,2017-12-18T23:00:00Z/2017-12-19T00:00:00Z,52.398175,16.959519,PL
3295,SPO_PL0140A_8_001,NO2,µg/m3,56.4,2025-06-21T19:00:00Z/2025-06-21T20:00:00Z,52.219298,21.004724,PL
3295,SPO_PL0140A_9_001,NOX,µg/m3,22.6,2024-05-08T22:00:00Z/2024-05-08T23:00:00Z,52.219298,21.004724,PL
3295,"PM10 at Warszawa, al. Niepodległości",PM10,µg/m3,17.4,2025-06-21T19:00:00Z/2025-06-21T20:00:00Z,52.219298,21.004724,PL
3295,SPO_PL0140A_10_001,CO,mg/m3,0.744,2025-06-21T19:00:00Z/2025-06-21T20:00:00Z,52.219298,21.004724,PL
3295,SPO_PL0140A_6001_001,PM2.5,µg/m3,7.2,2025-06-21T19:00:00Z/2025-06-21T20:00:00Z,52.219298,21.004724,PL
3295,SPO_PL0140A_38_001,NO,µg/m3,26.7,2023-05-04T08:00:00Z/2023-05-04T09:00:00Z,52.219298,21.004724,PL
3296,SPO_PL0245A_8_001,NO2,µg/m3,31,2025-01-23T06:00:00Z/2025-01-23T07:00:00Z,52.420319,16.877289,PL
3296,SPO_PL0245A_9_001,NOX,µg/m3,10.1124,2024-05-08T22:00:00Z/2024-05-08T23:00:00Z,52.420319,16.877289,PL
3296,SPO_PL0245A_1_001,SO2,µg/m3,3.3,2025-01-23T06:00:00Z/2025-01-23T07:00:00Z,52.420319,16.877289,PL
3296,"PM10 at Poznań, ul. Dąbrowskiego",PM10,µg/m3,21.6,2025-06-21T19:00:00Z/2025-06-21T20:00:00Z,52.420319,16.877289,PL
3296,SPO_PL0245A_7_001,O3,µg/m3,2.44056,2023-01-09T09:00:00Z/2023-01-09T10:00:00Z,52.420319,16.877289,PL
3296,SPO_PL0245A_10_001,CO,mg/m3,0.594,2025-01-02T05:00:00Z/2025-01-02T06:00:00Z,52.420319,16.877289,PL
3296,SPO_PL0245A_6001_002,PM2.5,µg/m3,8.6,2025-06-21T19:00:00Z/2025-06-21T20:00:00Z,52.420319,16.877289,PL
3296,SPO_PL0245A_38_001,NO,µg/m3,1.21652,2023-12-04T21:00:00Z/2023-12-04T22:00:00Z,52.420319,16.877289,PL
3297,SPO_PL0238A_8_001,NO2,µg/m3,28.8813,2020-01-20T08:00:00Z/2020-01-20T09:00:00Z,50.279333,18.655764,PL
3297,SPO_PL0238A_9_001,NOX,µg/m3,40.588,2020-01-20T08:00:00Z/2020-01-20T09:00:00Z,50.279333,18.655764,PL
3297,SPO_PL0238A_1_001,SO2,µg/m3,13.6022,2023-12-31T22:00:00Z/2023-12-31T23:00:00Z,50.279333,18.655764,PL
3297,"PM10 at Gliwice, ul. Mewy",PM10,µg/m3,15,2025-06-21T18:00:00Z/2025-06-21T19:00:00Z,50.279333,18.655764,PL
3297,SPO_PL0238A_6001_002,PM2.5,µg/m3,13.8,2018-12-30T23:00:00Z/2018-12-31T00:00:00Z,50.279333,18.655764,PL
3298,"NO2 at Płock, ul. Królowej Jadwigi",NO2,µg/m3,10.18,2024-09-04T19:00:00Z/2024-09-04T20:00:00Z,52.556279,19.687672,PL
3298,SPO_PL0398A_9_001,NOX,µg/m3,8.15,2024-05-08T00:00:00Z/2024-05-08T01:00:00Z,52.556279,19.687672,PL
3298,SPO_PL0398A_1_001,SO2,µg/m3,7.3,2025-06-21T18:00:00Z/2025-06-21T19:00:00Z,52.556279,19.687672,PL
3298,SPO_PL0398A_5_001,PM10,µg/m3,11.46,2018-12-30T23:00:00Z/2018-12-31T00:00:00Z,52.556279,19.687672,PL
3298,SPO_PL0398A_7_001,O3,µg/m3,56.44,2020-03-12T21:00:00Z/2020-03-12T22:00:00Z,52.556279,19.687672,PL
3298,SPO_PL0398A_10_001,CO,mg/m3,0.1138,2020-03-12T21:00:00Z/2020-03-12T22:00:00Z,52.556279,19.687672,PL
3298,SPO_PL0398A_6001_001,PM2.5,µg/m3,9.64,2018-12-30T23:00:00Z/2018-12-31T00:00:00Z,52.556279,19.687672,PL
3299,SPO_PL0241A_8_001,NO2,µg/m3,13.7,2025-06-21T19:00:00Z/2025-06-21T20:00:00Z,50.007629,18.455548,PL
3299,SPO_PL0241A_9_001,NOX,µg/m3,26.1668,2024-05-08T22:00:00Z/2024-05-08T23:00:00Z,50.007629,18.455548,PL
3299,SPO_PL0241A_1_001,SO2,µg/m3,4.8,2025-06-21T19:00:00Z/2025-06-21T20:00:00Z,50.007629,18.455548,PL
3299,"PM10 at Wodzisław Śląski, ul. Gałczyńskiego",PM10,µg/m3,17.7,2025-06-21T18:00:00Z/2025-06-21T19:00:00Z,50.007629,18.455548,PL
3299,SPO_PL0241A_7_001,O3,µg/m3,79.2,2025-06-21T19:00:00Z/2025-06-21T20:00:00Z,50.007629,18.455548,PL
3299,SPO_PL0241A_10_001,CO,mg/m3,0.431,2025-06-21T19:00:00Z/2025-06-21T20:00:00Z,50.007629,18.455548,PL
3299,SPO_PL0241A_38_001,NO,µg/m3,1.48116,2023-12-04T21:00:00Z/2023-12-04T22:00:00Z,50.007629,18.455548,PL
3301,SPO_PL0148A_8_001,NO2,µg/m3,10.1,2023-11-13T08:00:00Z/2023-11-13T09:00:00Z,53.126689,23.155869,PL
3301,SPO_PL0148A_9_001,NOX,µg/m3,14.7,2023-11-13T08:00:00Z/2023-11-13T09:00:00Z,53.126689,23.155869,PL
3301,SPO_PL0148A_1_001,SO2,µg/m3,2.4,2022-12-30T10:00:00Z/2022-12-30T11:00:00Z,53.126689,23.155869,PL
3301,SPO_PL0148A_5_001,PM10,µg/m3,10.57922625,2018-12-30T23:00:00Z/2018-12-31T00:00:00Z,53.126689,23.155869,PL
3301,SPO_PL0148A_10_001,CO,mg/m3,0.218,2022-12-27T09:00:00Z/2022-12-27T10:00:00Z,53.126689,23.155869,PL
3301,SPO_PL0148A_6001_001,PM2.5,µg/m3,18,2023-11-13T08:00:00Z/2023-11-13T09:00:00Z,53.126689,23.155869,PL
3301,SPO_PL0148A_38_001,NO,µg/m3,2,2023-05-04T08:00:00Z/2023-05-04T09:00:00Z,53.126689,23.155869,PL
3303,SPO_PL0012A_8_001,NO2,µg/m3,86.8,2025-06-21T19:00:00Z/2025-06-21T20:00:00Z,50.057678,19.926189,PL
3303,SPO_PL0012A_9_001,NOX,µg/m3,110.741,2024-05-08T22:00:00Z/2024-05-08T23:00:00Z,50.057678,19.926189,PL
3303,"PM10 at Kraków, Aleja Krasińskiego",PM10,µg/m3,19.5,2025-06-21T19:00:00Z/2025-06-21T20:00:00Z,50.057678,19.926189,PL
3303,SPO_PL0012A_10_001,CO,mg/m3,0.768,2025-06-21T19:00:00Z/2025-06-21T20:00:00Z,50.057678,19.926189,PL
3303,SPO_PL0012A_6001_001,PM2.5,µg/m3,9.3,2025-06-21T19:00:00Z/2025-06-21T20:00:00Z,50.057678,19.926189,PL
3303,SPO_PL0012A_38_001,NO,µg/m3,44.8314,2023-12-04T21:00:00Z/2023-12-04T22:00:00Z,50.057678,19.926189,PL
3304,"NO2 at Parzniewice, Ujęcie Wody",NO2,µg/m3,1.2,2025-06-19T14:00:00Z/2025-06-19T15:00:00Z,51.291175,19.517556,PL
3304,SPO_PL0105A_9_001,NOX,µg/m3,11.2,2024-05-08T22:00:00Z/2024-05-08T23:00:00Z,51.291175,19.517556,PL
3304,SPO_PL0105A_1_001,SO2,µg/m3,1.1,2025-06-19T14:00:00Z/2025-06-19T15:00:00Z,51.291175,19.517556,PL
3304,SPO_PL0105A_5_001,PM10,µg/m3,9.09090909,2018-12-30T23:00:00Z/2018-12-31T00:00:00Z,51.291175,19.517556,PL
3304,SPO_PL0105A_7_001,O3,µg/m3,84.2,2025-06-19T14:00:00Z/2025-06-19T15:00:00Z,51.291175,19.517556,PL
3304,SPO_PL0105A_38_001,NO,µg/m3,0.6,2023-05-04T08:00:00Z/2023-05-04T09:00:00Z,51.291175,19.517556,PL
3305,SPO_PL0014A_8_001,NO2,µg/m3,12.1,2025-06-21T19:00:00Z/2025-06-21T20:00:00Z,51.835242,20.791912,PL
3305,SPO_PL0014A_9_001,NOX,µg/m3,8.238307,2024-05-08T22:00:00Z/2024-05-08T23:00:00Z,51.835242,20.791912,PL
3305,SPO_PL0014A_1_001,SO2,µg/m3,1.4,2025-06-21T19:00:00Z/2025-06-21T20:00:00Z,51.835242,20.791912,PL
3305,SPO_PL0014A_7_001,O3,µg/m3,77.5,2025-06-21T19:00:00Z/2025-06-21T20:00:00Z,51.835242,20.791912,PL
3305,SPO_PL0014A_10_001,CO,mg/m3,0.18,2025-06-21T19:00:00Z/2025-06-21T20:00:00Z,51.835242,20.791912,PL
3305,"PM10 at Belsk Duży, IGF PAN",PM10,µg/m3,13,2025-06-21T18:00:00Z/2025-06-21T19:00:00Z,51.835242,20.791912,PL
3305,SPO_PL0014A_38_001,NO,µg/m3,0.475333,2023-05-04T08:00:00Z/2023-05-04T09:00:00Z,51.835242,20.791912,PL
3306,SPO_PL0295A_8_001,NO2,µg/m3,7.1,2025-06-21T19:00:00Z/2025-06-21T20:00:00Z,54.167847,19.410942,PL
3306,SPO_PL0295A_9_001,NOX,µg/m3,15.4941,2024-05-08T22:00:00Z/2024-05-08T23:00:00Z,54.167847,19.410942,PL
3306,SPO_PL0295A_1_001,SO2,µg/m3,4.7,2025-06-21T19:00:00Z/2025-06-21T20:00:00Z,54.167847,19.410942,PL
3306,"PM10 at Elbląg, ul. Bażyńskiego",PM10,µg/m3,15.5,2025-06-21T19:00:00Z/2025-06-21T20:00:00Z,54.167847,19.410942,PL
3306,SPO_PL0295A_7_001,O3,µg/m3,81.4,2025-06-21T19:00:00Z/2025-06-21T20:00:00Z,54.167847,19.410942,PL
3306,SPO_PL0295A_10_001,CO,mg/m3,0.095,2025-06-21T19:00:00Z/2025-06-21T20:00:00Z,54.167847,19.410942,PL
3306,"PM2.5 at Elbląg, ul. Bażyńskiego",PM2.5,µg/m3,8.8,2025-06-21T19:00:00Z/2025-06-21T20:00:00Z,54.167847,19.410942,PL
3306,SPO_PL0295A_38_001,NO,µg/m3,0.4697,2023-12-05T17:00:00Z/2023-12-05T18:00:00Z,54.167847,19.410942,PL
3307,SPO_PL0321A_8_001,NO2,µg/m3,8.68473,2020-01-08T23:00:00Z/2020-01-09T00:00:00Z,50.592325,16.819786,PL
3307,SPO_PL0321A_9_001,NOX,µg/m3,10.2457,2020-01-08T23:00:00Z/2020-01-09T00:00:00Z,50.592325,16.819786,PL
3307,SPO_PL0321A_1_001,SO2,µg/m3,6.42021,2020-01-23T23:00:00Z/2020-01-24T00:00:00Z,50.592325,16.819786,PL
3307,SPO_PL0321A_5_001,PM10,µg/m3,28.3776,2020-12-08T05:00:00Z/2020-12-08T06:00:00Z,50.592325,16.819786,PL
3308,SPO_PL0197A_8_001,NO2,µg/m3,71.9,2025-06-21T19:00:00Z/2025-06-21T20:00:00Z,51.086225,17.012689,PL
3308,SPO_PL0197A_9_001,NOX,µg/m3,18.7732,2024-05-08T22:00:00Z/2024-05-08T23:00:00Z,51.086225,17.012689,PL
3308,SPO_PL0197A_10_001,CO,mg/m3,1.159,2025-06-21T19:00:00Z/2025-06-21T20:00:00Z,51.086225,17.012689,PL
3308,"PM2.5 at Wrocław, al. Wiśniowa",PM2.5,µg/m3,14.7,2025-06-21T18:00:00Z/2025-06-21T19:00:00Z,51.086225,17.012689,PL
3308,SPO_PL0197A_38_001,NO,µg/m3,48.8541,2023-12-04T21:00:00Z/2023-12-04T22:00:00Z,51.086225,17.012689,PL
3309,SPO_PL0052A_8_001,NO2,µg/m3,6.7,2025-06-21T19:00:00Z/2025-06-21T20:00:00Z,54.380279,18.620274,PL
3309,SPO_PL0052A_9_001,NOX,µg/m3,28.5552,2024-05-08T22:00:00Z/2024-05-08T23:00:00Z,54.380279,18.620274,PL
3309,SPO_PL0052A_1_001,SO2,µg/m3,1.9,2025-06-21T19:00:00Z/2025-06-21T20:00:00Z,54.380279,18.620274,PL
3309,"PM10 at Gdańsk, ul. Leczkowa",PM10,µg/m3,34.8,2025-06-21T19:00:00Z/2025-06-21T20:00:00Z,54.380279,18.620274,PL
3309,SPO_PL0052A_7_001,O3,µg/m3,95.5,2025-06-21T19:00:00Z/2025-06-21T20:00:00Z,54.380279,18.620274,PL
3309,SPO_PL0052A_10_001,CO,mg/m3,0.494,2025-06-21T19:00:00Z/2025-06-21T20:00:00Z,54.380279,18.620274,PL
3309,SPO_PL0052A_6001_001,PM2.5,µg/m3,10.8,2025-06-21T19:00:00Z/2025-06-21T20:00:00Z,54.380279,18.620274,PL
3309,SPO_PL0052A_38_001,NO,µg/m3,22.6197,2023-12-04T21:00:00Z/2023-12-04T22:00:00Z,54.380279,18.620274,PL
3310,SPO_PL0529A_8_001,NO2,µg/m3,11.6,2025-01-02T06:00:00Z/2025-01-02T07:00:00Z,50.285956,19.184399,PL
3310,SPO_PL0529A_9_001,NOX,µg/m3,18.2633,2024-05-08T22:00:00Z/2024-05-08T23:00:00Z,50.285956,19.184399,PL
3310,SPO_PL0529A_1_001,SO2,µg/m3,14.3124,2022-12-31T23:00:00Z/2023-01-01T00:00:00Z,50.285956,19.184399,PL
3310,"PM10 at Sosnowiec, ul. Lubelska",PM10,µg/m3,16.9,2025-06-21T19:00:00Z/2025-06-21T20:00:00Z,50.285956,19.184399,PL
3310,SPO_PL0529A_38_001,NO,µg/m3,3.17431,2023-12-04T21:00:00Z/2023-12-04T22:00:00Z,50.285956,19.184399,PL
3311,SPO_PL0543A_8_001,NO2,µg/m3,15.3,2025-06-21T19:00:00Z/2025-06-21T20:00:00Z,51.775378,19.450992,PL
3311,SPO_PL0543A_9_001,NOX,µg/m3,12.1,2024-05-08T22:00:00Z/2024-05-08T23:00:00Z,51.775378,19.450992,PL
3311,SPO_PL0543A_1_001,SO2,µg/m3,1.3,2025-06-21T19:00:00Z/2025-06-21T20:00:00Z,51.775378,19.450992,PL
3311,"PM10 at Łódź, ul. Gdańska",PM10,µg/m3,13.5,2025-06-21T19:00:00Z/2025-06-21T20:00:00Z,51.775378,19.450992,PL
3311,SPO_PL0543A_7_001,O3,µg/m3,36.4,2019-12-28T11:00:00Z/2019-12-28T12:00:00Z,51.775378,19.450992,PL
3311,SPO_PL0543A_10_001,CO,mg/m3,0.473,2023-01-02T06:00:00Z/2023-01-02T07:00:00Z,51.775378,19.450992,PL
3311,SPO_PL0543A_6001_001,PM2.5,µg/m3,34,2019-12-20T19:00:00Z/2019-12-20T20:00:00Z,51.775378,19.450992,PL
3311,SPO_PL0543A_38_001,NO,µg/m3,1.2,2023-05-04T08:00:00Z/2023-05-04T09:00:00Z,51.775378,19.450992,PL
3312,SPO_PL0150A_8_001,NO2,µg/m3,3.9,2025-06-21T19:00:00Z/2025-06-21T20:00:00Z,53.215492,23.642153,PL
3312,SPO_PL0150A_9_001,NOX,µg/m3,6.2,2024-05-08T22:00:00Z/2024-05-08T23:00:00Z,53.215492,23.642153,PL
3312,SPO_PL0150A_1_001,SO2,µg/m3,0.4,2025-06-21T19:00:00Z/2025-06-21T20:00:00Z,53.215492,23.642153,PL
3312,"PM10 at Borsukowizna, Szkółka Leśna",PM10,µg/m3,6,2025-06-21T19:00:00Z/2025-06-21T20:00:00Z,53.215492,23.642153,PL
3312,SPO_PL0150A_7_001,O3,µg/m3,82.4,2025-06-21T19:00:00Z/2025-06-21T20:00:00Z,53.215492,23.642153,PL
3312,SPO_PL0150A_6001_001,PM2.5,µg/m3,2.2,2025-06-21T19:00:00Z/2025-06-21T20:00:00Z,53.215492,23.642153,PL
3312,SPO_PL0150A_38_001,NO,µg/m3,0.8,2023-05-04T08:00:00Z/2023-05-04T09:00:00Z,53.215492,23.642153,PL
3313,"NO2 at Ciechocinek, ul. Tężniowa",NO2,µg/m3,6.3,2025-06-21T19:00:00Z/2025-06-21T20:00:00Z,52.888422,18.780908,PL
3313,SPO_PL0066A_9_001,NOX,µg/m3,3.6,2024-05-08T22:00:00Z/2024-05-08T23:00:00Z,52.888422,18.780908,PL
3313,SPO_PL0066A_5_001,PM10,µg/m3,13.93371687,2018-12-30T23:00:00Z/2018-12-31T00:00:00Z,52.888422,18.780908,PL
3313,SPO_PL0066A_7_001,O3,µg/m3,91.5,2025-06-21T19:00:00Z/2025-06-21T20:00:00Z,52.888422,18.780908,PL
3313,SPO_PL0066A_38_001,NO,µg/m3,0.4,2023-05-04T08:00:00Z/2023-05-04T09:00:00Z,52.888422,18.780908,PL
3314,SPO_PL0054A_8_001,NO2,µg/m3,19.2411,2020-01-10T09:00:00Z/2020-01-10T10:00:00Z,50.972167,14.941319,PL
3314,SPO_PL0054A_9_001,NOX,µg/m3,27.1153,2020-01-10T09:00:00Z/2020-01-10T10:00:00Z,50.972167,14.941319,PL
3314,SPO_PL0054A_1_001,SO2,µg/m3,10.317,2020-01-10T09:00:00Z/2020-01-10T10:00:00Z,50.972167,14.941319,PL
3314,SPO_PL0054A_5_002,PM10,µg/m3,17.4349,2023-01-01T14:00:00Z/2023-01-01T15:00:00Z,50.972167,14.941319,PL
3316,SPO_PL0143A_8_001,NO2,µg/m3,12,2025-06-21T19:00:00Z/2025-06-21T20:00:00Z,52.290864,21.042458,PL
3316,SPO_PL0143A_9_001,NOX,µg/m3,13.4,2024-05-08T22:00:00Z/2024-05-08T23:00:00Z,52.290864,21.042458,PL
3316,SPO_PL0143A_1_001,SO2,µg/m3,1.46,2020-01-08T23:00:00Z/2020-01-09T00:00:00Z,52.290864,21.042458,PL
3316,"PM10 at Warszawa, ul. Kondratowicza",PM10,µg/m3,12.9,2025-06-21T19:00:00Z/2025-06-21T20:00:00Z,52.290864,21.042458,PL
3316,SPO_PL0143A_7_001,O3,µg/m3,86.4,2025-06-21T19:00:00Z/2025-06-21T20:00:00Z,52.290864,21.042458,PL
3316,"PM2.5 at Warszawa, ul. Kondratowicza",PM2.5,µg/m3,5.4,2025-06-21T19:00:00Z/2025-06-21T20:00:00Z,52.290864,21.042458,PL
3316,SPO_PL0143A_38_001,NO,µg/m3,1.2,2023-05-04T08:00:00Z/2023-05-04T09:00:00Z,52.290864,21.042458,PL
3317,SPO_PL0567A_8_001,NO2,µg/m3,60.5,2025-01-23T08:00:00Z/2025-01-23T09:00:00Z,50.246795,19.019469,PL
3317,SPO_PL0567A_9_001,NOX,µg/m3,14.7431,2024-05-08T22:00:00Z/2024-05-08T23:00:00Z,50.246795,19.019469,PL
3317,SPO_PL0567A_1_001,SO2,µg/m3,8.24841,2020-01-20T08:00:00Z/2020-01-20T09:00:00Z,50.246795,19.019469,PL
3317,"PM10 at Katowice, ul. Plebiscytowa/A4",PM10,µg/m3,69.3,2025-01-23T08:00:00Z/2025-01-23T09:00:00Z,50.246795,19.019469,PL
3317,SPO_PL0567A_10_001,CO,mg/m3,0.616,2025-01-09T05:00:00Z/2025-01-09T06:00:00Z,50.246795,19.019469,PL
3317,"PM2.5 at Katowice, ul. Plebiscytowa/A4",PM2.5,µg/m3,48.8,2025-01-23T08:00:00Z/2025-01-23T09:00:00Z,50.246795,19.019469,PL
3317,SPO_PL0567A_38_001,NO,µg/m3,89.0607,2023-12-04T21:00:00Z/2023-12-04T22:00:00Z,50.246795,19.019469,PL
3318,SPO_PL0312A_8_001,NO2,µg/m3,19.2592,2023-01-05T08:00:00Z/2023-01-05T09:00:00Z,54.305908,22.307681,PL
3318,SPO_PL0312A_9_001,NOX,µg/m3,27.4834,2023-01-05T08:00:00Z/2023-01-05T09:00:00Z,54.305908,22.307681,PL
3318,SPO_PL0312A_1_001,SO2,µg/m3,9.29448,2023-01-05T08:00:00Z/2023-01-05T09:00:00Z,54.305908,22.307681,PL
3318,"PM10 at  Gołdap, ul. Jaćwieska",PM10,µg/m3,14.1,2025-06-21T19:00:00Z/2025-06-21T20:00:00Z,54.305908,22.307681,PL
3318,SPO_PL0312A_7_001,O3,µg/m3,55.6444,2023-01-05T08:00:00Z/2023-01-05T09:00:00Z,54.305908,22.307681,PL
3318,SPO_PL0312A_10_001,CO,mg/m3,0.480079,2023-01-05T08:00:00Z/2023-01-05T09:00:00Z,54.305908,22.307681,PL
3319,SPO_PL0134A_8_001,NO2,µg/m3,15.7,2025-06-21T19:00:00Z/2025-06-21T20:00:00Z,52.191728,20.837489,PL
3319,SPO_PL0134A_9_001,NOX,µg/m3,12.1,2024-05-08T22:00:00Z/2024-05-08T23:00:00Z,52.191728,20.837489,PL
3319,SPO_PL0134A_1_001,SO2,µg/m3,0.7,2019-01-04T07:00:00Z/2019-01-04T08:00:00Z,52.191728,20.837489,PL
3319,"PM10 at Piastów, ul. Pułaskiego",PM10,µg/m3,13.2,2025-06-21T19:00:00Z/2025-06-21T20:00:00Z,52.191728,20.837489,PL
3319,SPO_PL0134A_7_001,O3,µg/m3,86.1,2025-06-21T19:00:00Z/2025-06-21T20:00:00Z,52.191728,20.837489,PL
3319,SPO_PL0134A_6001_002,PM2.5,µg/m3,6.3,2025-06-21T19:00:00Z/2025-06-21T20:00:00Z,52.191728,20.837489,PL
3319,SPO_PL0134A_38_001,NO,µg/m3,3.5,2023-05-04T08:00:00Z/2023-05-04T09:00:00Z,52.191728,20.837489,PL
3320,SPO_PL0574A_8_001,NO2,µg/m3,10.4,2025-06-21T19:00:00Z/2025-06-21T20:00:00Z,53.698902,16.704556,PL
3320,SPO_PL0574A_9_001,NOX,µg/m3,9.45129,2024-05-08T22:00:00Z/2024-05-08T23:00:00Z,53.698902,16.704556,PL
3320,SPO_PL0574A_1_001,SO2,µg/m3,1.6,2025-06-21T19:00:00Z/2025-06-21T20:00:00Z,53.698902,16.704556,PL
3320,"PM10 at Szczecinek, ul. Przemysłowa",PM10,µg/m3,7.2,2025-06-21T19:00:00Z/2025-06-21T20:00:00Z,53.698902,16.704556,PL
3320,SPO_PL0574A_10_001,CO,mg/m3,0.441,2025-06-21T19:00:00Z/2025-06-21T20:00:00Z,53.698902,16.704556,PL
3320,SPO_PL0574A_38_001,NO,µg/m3,1.92316,2023-12-04T21:00:00Z/2023-12-04T22:00:00Z,53.698902,16.704556,PL
3321,SPO_PL0004R_8_001,NO2,µg/m3,2,2018-12-30T23:00:00Z/2018-12-31T00:00:00Z,54.754139,17.534528,PL
3321,SPO_PL0004R_1_001,SO2,µg/m3,0.4,2018-12-30T23:00:00Z/2018-12-31T00:00:00Z,54.754139,17.534528,PL
3321,"O3 at Łeba, IMGW",O3,µg/m3,95,2025-06-21T19:00:00Z/2025-06-21T20:00:00Z,54.754139,17.534528,PL
3322,SPO_PL0072A_8_001,NO2,µg/m3,14.1,2025-06-21T19:00:00Z/2025-06-21T20:00:00Z,53.017628,18.612808,PL
3322,SPO_PL0072A_9_001,NOX,µg/m3,10.5,2024-05-08T22:00:00Z/2024-05-08T23:00:00Z,53.017628,18.612808,PL
3322,SPO_PL0072A_1_001,SO2,µg/m3,1.8,2020-01-03T11:00:00Z/2020-01-03T12:00:00Z,53.017628,18.612808,PL
3322,"PM10 at Toruń, ul. Przy Kaszowniku",PM10,µg/m3,16.2,2025-06-21T19:00:00Z/2025-06-21T20:00:00Z,53.017628,18.612808,PL
3322,SPO_PL0072A_10_001,CO,mg/m3,0.405,2025-06-21T19:00:00Z/2025-06-21T20:00:00Z,53.017628,18.612808,PL
3322,SPO_PL0072A_6001_001,PM2.5,µg/m3,10.5,2025-06-21T19:00:00Z/2025-06-21T20:00:00Z,53.017628,18.612808,PL
3323,SPO_PL0136A_8_001,NO2,µg/m3,10.9,2025-06-21T19:00:00Z/2025-06-21T20:00:00Z,52.550938,19.709791,PL
3323,SPO_PL0136A_9_001,NOX,µg/m3,4.9,2024-05-08T22:00:00Z/2024-05-08T23:00:00Z,52.550938,19.709791,PL
3323,SPO_PL0136A_1_001,SO2,µg/m3,2.3,2025-06-21T19:00:00Z/2025-06-21T20:00:00Z,52.550938,19.709791,PL
3323,"PM10 at Płock, ul. Reja",PM10,µg/m3,13.7,2025-06-21T19:00:00Z/2025-06-21T20:00:00Z,52.550938,19.709791,PL
3323,SPO_PL0136A_7_001,O3,µg/m3,94.2,2025-06-21T19:00:00Z/2025-06-21T20:00:00Z,52.550938,19.709791,PL
3323,SPO_PL0136A_10_001,CO,mg/m3,0.239,2025-01-02T09:00:00Z/2025-01-02T10:00:00Z,52.550938,19.709791,PL
3323,SPO_PL0136A_6001_002,PM2.5,µg/m3,5.5,2025-06-21T19:00:00Z/2025-06-21T20:00:00Z,52.550938,19.709791,PL
3323,SPO_PL0136A_38_001,NO,µg/m3,2.7,2023-05-04T08:00:00Z/2023-05-04T09:00:00Z,52.550938,19.709791,PL
3324,SPO_PL0582A_8_001,NO2,µg/m3,7.6,2024-01-03T05:00:00Z/2024-01-03T06:00:00Z,53.012261,18.606203,PL
3324,SPO_PL0582A_9_001,NOX,µg/m3,8.5,2024-01-03T05:00:00Z/2024-01-03T06:00:00Z,53.012261,18.606203,PL
3324,SPO_PL0582A_1_001,SO2,µg/m3,2.6,2022-12-29T15:00:00Z/2022-12-29T16:00:00Z,53.012261,18.606203,PL
3324,"PM10 at Toruń, ul. Wały gen. Sikorskiego",PM10,µg/m3,35.8,2025-06-21T19:00:00Z/2025-06-21T20:00:00Z,53.012261,18.606203,PL
3325,SPO_PL0503A_8_001,NO2,µg/m3,15.6,2025-06-21T19:00:00Z/2025-06-21T20:00:00Z,51.74795,18.049063,PL
3325,SPO_PL0503A_9_001,NOX,µg/m3,8.77154,2024-05-08T22:00:00Z/2024-05-08T23:00:00Z,51.74795,18.049063,PL
3325,SPO_PL0503A_1_001,SO2,µg/m3,1.3,2025-06-21T19:00:00Z/2025-06-21T20:00:00Z,51.74795,18.049063,PL
3325,"PM10 at Kalisz, ul. Wyszyńskiego",PM10,µg/m3,25.3,2025-06-21T19:00:00Z/2025-06-21T20:00:00Z,51.74795,18.049063,PL
3325,SPO_PL0503A_7_001,O3,µg/m3,79.1,2025-06-21T19:00:00Z/2025-06-21T20:00:00Z,51.74795,18.049063,PL
3325,SPO_PL0503A_10_001,CO,mg/m3,0.162,2025-06-21T19:00:00Z/2025-06-21T20:00:00Z,51.74795,18.049063,PL
3325,"PM2.5 at Kalisz, ul. Wyszyńskiego",PM2.5,µg/m3,13.4,2025-06-21T19:00:00Z/2025-06-21T20:00:00Z,51.74795,18.049063,PL
3325,SPO_PL0503A_38_001,NO,µg/m3,2.68188,2023-12-04T21:00:00Z/2023-12-04T22:00:00Z,51.74795,18.049063,PL
3326,SPO_PL0194A_8_001,NO2,µg/m3,26.9,2025-06-21T19:00:00Z/2025-06-21T20:00:00Z,51.129378,17.02925,PL
3326,SPO_PL0194A_9_001,NOX,µg/m3,9.84149,2024-05-08T22:00:00Z/2024-05-08T23:00:00Z,51.129378,17.02925,PL
3326,SPO_PL0194A_1_001,SO2,µg/m3,15.7,2025-06-21T19:00:00Z/2025-06-21T20:00:00Z,51.129378,17.02925,PL
3326,"PM10 at Wrocław, wyb. Conrada-Korzeniowskiego",PM10,µg/m3,20.1,2025-06-21T19:00:00Z/2025-06-21T20:00:00Z,51.129378,17.02925,PL
3326,SPO_PL0194A_7_001,O3,µg/m3,82.5,2025-06-21T19:00:00Z/2025-06-21T20:00:00Z,51.129378,17.02925,PL
3326,SPO_PL0194A_10_001,CO,mg/m3,0.265,2025-01-02T07:00:00Z/2025-01-02T08:00:00Z,51.129378,17.02925,PL
3326,SPO_PL0194A_6001_001,PM2.5,µg/m3,11.7,2025-06-21T19:00:00Z/2025-06-21T20:00:00Z,51.129378,17.02925,PL
3326,SPO_PL0194A_38_001,NO,µg/m3,4.03474,2023-12-04T21:00:00Z/2023-12-04T22:00:00Z,51.129378,17.02925,PL
3328,SPO_PL0141A_8_001,NO2,µg/m3,14.2,2025-06-21T19:00:00Z/2025-06-21T20:00:00Z,52.160772,21.033819,PL
3328,SPO_PL0141A_9_001,NOX,µg/m3,7.6,2024-05-08T22:00:00Z/2024-05-08T23:00:00Z,52.160772,21.033819,PL
3328,SPO_PL0141A_1_001,SO2,µg/m3,4.9214,2018-12-31T22:00:00Z/2018-12-31T23:00:00Z,52.160772,21.033819,PL
3328,"PM10 at Warszawa, ul. Wokalna",PM10,µg/m3,13.8,2025-06-21T19:00:00Z/2025-06-21T20:00:00Z,52.160772,21.033819,PL
3328,SPO_PL0141A_7_001,O3,µg/m3,85.4,2025-06-21T19:00:00Z/2025-06-21T20:00:00Z,52.160772,21.033819,PL
3328,"PM2.5 at Warszawa, ul. Wokalna",PM2.5,µg/m3,4.7,2025-06-21T19:00:00Z/2025-06-21T20:00:00Z,52.160772,21.033819,PL
3328,SPO_PL0141A_38_001,NO,µg/m3,6.2,2023-05-04T08:00:00Z/2023-05-04T09:00:00Z,52.160772,21.033819,PL
3329,"NO2 at Zielonka, Bory Tucholskie",NO2,µg/m3,2.5,2025-06-21T19:00:00Z/2025-06-21T20:00:00Z,53.662117,17.934017,PL
3329,SPO_PL0077A_9_001,NOX,µg/m3,3.1,2024-05-08T22:00:00Z/2024-05-08T23:00:00Z,53.662117,17.934017,PL
3329,SPO_PL0077A_1_001,SO2,µg/m3,3.4,2025-06-21T19:00:00Z/2025-06-21T20:00:00Z,53.662117,17.934017,PL
3329,SPO_PL0077A_5_001,PM10,µg/m3,7.41580113,2018-12-30T23:00:00Z/2018-12-31T00:00:00Z,53.662117,17.934017,PL
3329,SPO_PL0077A_7_001,O3,µg/m3,75.1,2025-06-21T19:00:00Z/2025-06-21T20:00:00Z,53.662117,17.934017,PL
3329,SPO_PL0077A_10_001,CO,mg/m3,0.23,2025-06-21T19:00:00Z/2025-06-21T20:00:00Z,53.662117,17.934017,PL
3329,SPO_PL0077A_6001_001,PM2.5,µg/m3,4.451447,2018-12-30T23:00:00Z/2018-12-31T00:00:00Z,53.662117,17.934017,PL
3329,SPO_PL0077A_38_001,NO,µg/m3,0.6,2023-05-04T08:00:00Z/2023-05-04T09:00:00Z,53.662117,17.934017,PL
3330,SPO_PL0048A_8_001,NO2,µg/m3,4.1,2025-06-21T19:00:00Z/2025-06-21T20:00:00Z,54.560836,18.493331,PL
3330,SPO_PL0048A_9_001,NOX,µg/m3,8.03332,2024-05-08T22:00:00Z/2024-05-08T23:00:00Z,54.560836,18.493331,PL
3330,SPO_PL0048A_1_001,SO2,µg/m3,6.3,2025-06-21T19:00:00Z/2025-06-21T20:00:00Z,54.560836,18.493331,PL
3330,"PM10 at Gdynia, ul. Porębskiego",PM10,µg/m3,12.4,2025-06-21T19:00:00Z/2025-06-21T20:00:00Z,54.560836,18.493331,PL
3330,SPO_PL0048A_7_001,O3,µg/m3,96.5,2025-06-21T19:00:00Z/2025-06-21T20:00:00Z,54.560836,18.493331,PL
3330,SPO_PL0048A_10_001,CO,mg/m3,0.301731,2024-05-08T00:00:00Z/2024-05-08T01:00:00Z,54.560836,18.493331,PL
3330,SPO_PL0048A_6001_001,PM2.5,µg/m3,9.3,2025-06-21T19:00:00Z/2025-06-21T20:00:00Z,54.560836,18.493331,PL
3330,SPO_PL0048A_38_001,NO,µg/m3,0.75786,2023-12-04T21:00:00Z/2023-12-04T22:00:00Z,54.560836,18.493331,PL
3331,SPO_PL0008A_8_001,NO2,µg/m3,28.6,2025-06-21T19:00:00Z/2025-06-21T20:00:00Z,50.264611,18.975028,PL
3331,SPO_PL0008A_9_001,NOX,µg/m3,10.1161,2024-05-08T22:00:00Z/2024-05-08T23:00:00Z,50.264611,18.975028,PL
3331,SPO_PL0008A_1_001,SO2,µg/m3,2,2025-06-21T19:00:00Z/2025-06-21T20:00:00Z,50.264611,18.975028,PL
3331,"PM10 at Katowice, ul. Kossutha",PM10,µg/m3,12.3,2025-06-21T19:00:00Z/2025-06-21T20:00:00Z,50.264611,18.975028,PL
3331,SPO_PL0008A_7_001,O3,µg/m3,74.5,2025-06-21T19:00:00Z/2025-06-21T20:00:00Z,50.264611,18.975028,PL
3331,"PM2.5 at Katowice, ul. Kossutha",PM2.5,µg/m3,8.1,2025-06-21T19:00:00Z/2025-06-21T20:00:00Z,50.264611,18.975028,PL
3331,SPO_PL0008A_38_001,NO,µg/m3,7.69053,2023-12-04T21:00:00Z/2023-12-04T22:00:00Z,50.264611,18.975028,PL
3333,SPO_PL0550A_8_001,NO2,µg/m3,32.6458,2023-02-23T07:00:00Z/2023-02-23T08:00:00Z,49.619281,20.714403,PL
3333,SPO_PL0550A_9_001,NOX,µg/m3,138.104,2023-02-23T07:00:00Z/2023-02-23T08:00:00Z,49.619281,20.714403,PL
3333,SPO_PL0550A_1_001,SO2,µg/m3,1.4,2025-06-21T19:00:00Z/2025-06-21T20:00:00Z,49.619281,20.714403,PL
3333,"PM10 at Nowy Sącz, ul. Nadbrzeżna",PM10,µg/m3,19.9,2025-06-21T18:00:00Z/2025-06-21T19:00:00Z,49.619281,20.714403,PL
3333,SPO_PL0550A_6001_001,PM2.5,µg/m3,14.13,2018-12-30T23:00:00Z/2018-12-31T00:00:00Z,49.619281,20.714403,PL
3334,SPO_PL0591A_8_001,NO2,µg/m3,16.7,2025-06-21T19:00:00Z/2025-06-21T20:00:00Z,51.642656,15.127808,PL
3334,SPO_PL0591A_9_001,NOX,µg/m3,10.0166,2024-05-08T22:00:00Z/2024-05-08T23:00:00Z,51.642656,15.127808,PL
3334,SPO_PL0591A_1_001,SO2,µg/m3,2.2,2025-06-21T19:00:00Z/2025-06-21T20:00:00Z,51.642656,15.127808,PL
3334,"PM10 at Żary, ul. Szymanowskiego ",PM10,µg/m3,14.3,2025-06-21T18:00:00Z/2025-06-21T19:00:00Z,51.642656,15.127808,PL
3334,SPO_PL0591A_7_001,O3,µg/m3,62.6,2025-06-21T19:00:00Z/2025-06-21T20:00:00Z,51.642656,15.127808,PL
3334,SPO_PL0591A_10_001,CO,mg/m3,0.197,2025-06-21T19:00:00Z/2025-06-21T20:00:00Z,51.642656,15.127808,PL
3334,"PM2.5 at Żary, ul. Szymanowskiego ",PM2.5,µg/m3,4.1,2025-06-21T18:00:00Z/2025-06-21T19:00:00Z,51.642656,15.127808,PL
3334,SPO_PL0591A_38_001,NO,µg/m3,0.7938,2023-12-04T21:00:00Z/2023-12-04T22:00:00Z,51.642656,15.127808,PL
3335,SPO_PL0565A_8_001,NO2,µg/m3,7.3,2025-06-21T19:00:00Z/2025-06-21T20:00:00Z,50.429014,21.277367,PL
3335,SPO_PL0565A_9_001,NOX,µg/m3,3.7,2022-09-27T23:00:00Z/2022-09-28T00:00:00Z,50.429014,21.277367,PL
3335,SPO_PL0565A_1_001,SO2,µg/m3,4.3,2025-06-21T19:00:00Z/2025-06-21T20:00:00Z,50.429014,21.277367,PL
3335,"PM10 at Połaniec, ul. Ruszczańska",PM10,µg/m3,10.7,2025-06-21T19:00:00Z/2025-06-21T20:00:00Z,50.429014,21.277367,PL
3335,SPO_PL0565A_7_001,O3,µg/m3,63.38,2022-07-29T06:00:00Z/2022-07-29T07:00:00Z,50.429014,21.277367,PL
3335,SPO_PL0565A_10_001,CO,mg/m3,0.57094,2023-01-02T03:00:00Z/2023-01-02T04:00:00Z,50.429014,21.277367,PL
3335,SPO_PL0565A_6001_001,PM2.5,µg/m3,6.7,2025-06-21T19:00:00Z/2025-06-21T20:00:00Z,50.429014,21.277367,PL
3336,SPO_PL0184A_8_001,NO2,µg/m3,13.6,2025-06-21T19:00:00Z/2025-06-21T20:00:00Z,50.836389,19.130111,PL
3336,SPO_PL0184A_9_001,NOX,µg/m3,12.9565,2024-05-08T22:00:00Z/2024-05-08T23:00:00Z,50.836389,19.130111,PL
3336,SPO_PL0184A_1_001,SO2,µg/m3,3.7,2025-06-21T19:00:00Z/2025-06-21T20:00:00Z,50.836389,19.130111,PL
3336,"PM10 at Częstochowa, ul. Baczyńskiego",PM10,µg/m3,8.2,2025-06-21T18:00:00Z/2025-06-21T19:00:00Z,50.836389,19.130111,PL
3336,SPO_PL0184A_7_001,O3,µg/m3,88.2,2025-06-21T19:00:00Z/2025-06-21T20:00:00Z,50.836389,19.130111,PL
3336,SPO_PL0184A_10_001,CO,mg/m3,0.38381,2023-01-02T03:00:00Z/2023-01-02T04:00:00Z,50.836389,19.130111,PL
3336,SPO_PL0184A_38_001,NO,µg/m3,1.05491,2023-12-04T21:00:00Z/2023-12-04T22:00:00Z,50.836389,19.130111,PL
3337,NO2 at Liniewko Kościerskie,NO2,µg/m3,4.6,2025-06-21T19:00:00Z/2025-06-21T20:00:00Z,54.104111,18.182972,PL
3337,SPO_PL0561A_9_001,NOX,µg/m3,9.21428,2024-05-08T22:00:00Z/2024-05-08T23:00:00Z,54.104111,18.182972,PL
3337,SPO_PL0561A_1_001,SO2,µg/m3,0.2,2025-06-21T19:00:00Z/2025-06-21T20:00:00Z,54.104111,18.182972,PL
3337,SPO_PL0561A_5_001,PM10,µg/m3,6,2018-12-30T23:00:00Z/2018-12-31T00:00:00Z,54.104111,18.182972,PL
3337,SPO_PL0561A_7_001,O3,µg/m3,103.7,2025-06-21T19:00:00Z/2025-06-21T20:00:00Z,54.104111,18.182972,PL
3337,SPO_PL0561A_10_001,CO,mg/m3,0.481716,2020-03-02T09:00:00Z/2020-03-02T10:00:00Z,54.104111,18.182972,PL
3337,SPO_PL0561A_38_001,NO,µg/m3,0.0956,2023-12-04T21:00:00Z/2023-12-04T22:00:00Z,54.104111,18.182972,PL
3338,SPO_PL0249A_8_001,NO2,µg/m3,27.8,2025-06-21T19:00:00Z/2025-06-21T20:00:00Z,53.432169,14.5539,PL
3338,SPO_PL0249A_9_001,NOX,µg/m3,12.9655,2024-05-08T22:00:00Z/2024-05-08T23:00:00Z,53.432169,14.5539,PL
3338,SPO_PL0249A_1_001,SO2,µg/m3,4.5,2025-06-21T19:00:00Z/2025-06-21T20:00:00Z,53.432169,14.5539,PL
3338,"PM10 at Szczecin, ul. Piłsudskiego",PM10,µg/m3,17.2,2025-06-21T19:00:00Z/2025-06-21T20:00:00Z,53.432169,14.5539,PL
3338,SPO_PL0249A_10_001,CO,mg/m3,0.295,2025-01-02T11:00:00Z/2025-01-02T12:00:00Z,53.432169,14.5539,PL
3338,SPO_PL0249A_6001_001,PM2.5,µg/m3,10.1,2025-06-21T19:00:00Z/2025-06-21T20:00:00Z,53.432169,14.5539,PL
3338,SPO_PL0249A_38_001,NO,µg/m3,5.42775,2023-12-04T21:00:00Z/2023-12-04T22:00:00Z,53.432169,14.5539,PL
3339,SPO_PL0126A_8_001,NO2,µg/m3,21.8,2025-06-21T19:00:00Z/2025-06-21T20:00:00Z,49.293564,19.960083,PL
3339,SPO_PL0126A_9_001,NOX,µg/m3,28.4125,2024-05-08T22:00:00Z/2024-05-08T23:00:00Z,49.293564,19.960083,PL
3339,SPO_PL0126A_1_001,SO2,µg/m3,0.54638,2023-02-14T08:00:00Z/2023-02-14T09:00:00Z,49.293564,19.960083,PL
3339,"PM10 at Zakopane, ul. Sienkiewicza",PM10,µg/m3,16.1,2025-06-21T18:00:00Z/2025-06-21T19:00:00Z,49.293564,19.960083,PL
3339,SPO_PL0126A_7_001,O3,µg/m3,49.5,2025-06-21T19:00:00Z/2025-06-21T20:00:00Z,49.293564,19.960083,PL
3339,SPO_PL0126A_10_001,CO,mg/m3,0.26595,2023-02-14T08:00:00Z/2023-02-14T09:00:00Z,49.293564,19.960083,PL
3339,SPO_PL0126A_6001_001,PM2.5,µg/m3,10.51,2018-12-30T23:00:00Z/2018-12-31T00:00:00Z,49.293564,19.960083,PL
3339,SPO_PL0126A_38_001,NO,µg/m3,46.3652,2023-12-04T21:00:00Z/2023-12-04T22:00:00Z,49.293564,19.960083,PL
3340,SPO_PL0501A_8_001,NO2,µg/m3,86.7,2025-06-21T19:00:00Z/2025-06-21T20:00:00Z,50.010575,19.949189,PL
3340,SPO_PL0501A_9_001,NOX,µg/m3,37.8081,2024-05-08T22:00:00Z/2024-05-08T23:00:00Z,50.010575,19.949189,PL
3340,SPO_PL0501A_1_001,SO2,µg/m3,3.9,2025-06-21T19:00:00Z/2025-06-21T20:00:00Z,50.010575,19.949189,PL
3340,"PM10 at Kraków, ul. Bujaka",PM10,µg/m3,25.8,2025-06-21T18:00:00Z/2025-06-21T19:00:00Z,50.010575,19.949189,PL
3340,SPO_PL0501A_7_001,O3,µg/m3,15,2025-06-21T19:00:00Z/2025-06-21T20:00:00Z,50.010575,19.949189,PL
3340,SPO_PL0501A_6001_002,PM2.5,µg/m3,61.1036,2020-01-08T08:00:00Z/2020-01-08T09:00:00Z,50.010575,19.949189,PL
3340,SPO_PL0501A_38_001,NO,µg/m3,7.18895,2023-12-04T21:00:00Z/2023-12-04T22:00:00Z,50.010575,19.949189,PL
3341,SPO_PL0580A_8_001,NO2,µg/m3,30.8,2025-06-21T19:00:00Z/2025-06-21T20:00:00Z,53.49355,18.762139,PL
3341,SPO_PL0580A_9_001,NOX,µg/m3,211.43,2024-02-02T06:00:00Z/2024-02-02T07:00:00Z,53.49355,18.762139,PL
3341,SPO_PL0580A_1_001,SO2,µg/m3,8.88,2023-01-04T07:00:00Z/2023-01-04T08:00:00Z,53.49355,18.762139,PL
3341,"PM10 at Grudziądz, ul. Piłsudskiego",PM10,µg/m3,13.8,2025-06-20T03:00:00Z/2025-06-20T04:00:00Z,53.49355,18.762139,PL
3341,SPO_PL0580A_10_001,CO,mg/m3,0.491,2025-06-21T19:00:00Z/2025-06-21T20:00:00Z,53.49355,18.762139,PL
3342,SPO_PL0091A_8_001,NO2,µg/m3,18.6,2025-06-21T19:00:00Z/2025-06-21T20:00:00Z,50.716628,23.290247,PL
3342,SPO_PL0091A_9_001,NOX,µg/m3,7.2,2024-05-08T22:00:00Z/2024-05-08T23:00:00Z,50.716628,23.290247,PL
3342,SPO_PL0091A_1_001,SO2,µg/m3,2.4,2025-06-21T19:00:00Z/2025-06-21T20:00:00Z,50.716628,23.290247,PL
3342,"PM10 at Zamość, ul. Hrubieszowska",PM10,µg/m3,11.7,2025-06-21T19:00:00Z/2025-06-21T20:00:00Z,50.716628,23.290247,PL
3342,"PM2.5 at Zamość, ul. Hrubieszowska",PM2.5,µg/m3,7.3,2025-06-21T19:00:00Z/2025-06-21T20:00:00Z,50.716628,23.290247,PL
3342,SPO_PL0091A_10_001,CO,mg/m3,0.433,2024-12-18T20:00:00Z/2024-12-18T21:00:00Z,50.716628,23.290247,PL
3342,SPO_PL0091A_38_001,NO,µg/m3,1.8,2023-05-04T08:00:00Z/2023-05-04T09:00:00Z,50.716628,23.290247,PL
3343,NO2 at Osieczów,NO2,µg/m3,5.3,2025-06-21T19:00:00Z/2025-06-21T20:00:00Z,51.31763,15.431719,PL
3343,SPO_PL0505A_9_001,NOX,µg/m3,5.72963,2024-05-08T22:00:00Z/2024-05-08T23:00:00Z,51.31763,15.431719,PL
3343,SPO_PL0505A_1_001,SO2,µg/m3,5.2,2025-06-21T19:00:00Z/2025-06-21T20:00:00Z,51.31763,15.431719,PL
3343,SPO_PL0505A_5_001,PM10,µg/m3,7.24,2018-12-29T23:00:00Z/2018-12-30T00:00:00Z,51.31763,15.431719,PL
3343,SPO_PL0505A_7_001,O3,µg/m3,74,2025-06-21T19:00:00Z/2025-06-21T20:00:00Z,51.31763,15.431719,PL
3343,SPO_PL0505A_6001_001,PM2.5,µg/m3,5.21999999,2018-12-29T23:00:00Z/2018-12-30T00:00:00Z,51.31763,15.431719,PL
3343,SPO_PL0505A_38_001,NO,µg/m3,0.88468,2023-12-04T21:00:00Z/2023-12-04T22:00:00Z,51.31763,15.431719,PL
3344,SPO_PL0495A_8_001,NO2,µg/m3,16.9,2025-06-21T19:00:00Z/2025-06-21T20:00:00Z,50.024242,22.010575,PL
3344,SPO_PL0495A_9_001,NOX,µg/m3,40.741,2024-05-08T22:00:00Z/2024-05-08T23:00:00Z,50.024242,22.010575,PL
3344,SPO_PL0495A_1_001,SO2,µg/m3,1.4,2025-06-21T19:00:00Z/2025-06-21T20:00:00Z,50.024242,22.010575,PL
3344,"PM10 at Rzeszów, ul. Rejtana",PM10,µg/m3,15,2025-06-21T18:00:00Z/2025-06-21T19:00:00Z,50.024242,22.010575,PL
3344,SPO_PL0495A_7_001,O3,µg/m3,62.9,2025-06-21T19:00:00Z/2025-06-21T20:00:00Z,50.024242,22.010575,PL
3344,SPO_PL0495A_10_001,CO,mg/m3,0.59159,2023-01-03T08:00:00Z/2023-01-03T09:00:00Z,50.024242,22.010575,PL
3344,SPO_PL0495A_6001_002,PM2.5,µg/m3,9.97,2018-12-30T23:00:00Z/2018-12-31T00:00:00Z,50.024242,22.010575,PL
3344,SPO_PL0495A_38_001,NO,µg/m3,2.47564,2023-12-04T21:00:00Z/2023-12-04T22:00:00Z,50.024242,22.010575,PL
3345,SPO_PL0115A_8_001,NO2,µg/m3,9,2025-02-07T14:00:00Z/2025-02-07T15:00:00Z,51.856692,19.421231,PL
3345,SPO_PL0115A_9_001,NOX,µg/m3,7.8,2024-05-08T22:00:00Z/2024-05-08T23:00:00Z,51.856692,19.421231,PL
3345,SPO_PL0115A_1_001,SO2,µg/m3,1.9,2025-02-07T14:00:00Z/2025-02-07T15:00:00Z,51.856692,19.421231,PL
3345,"PM10 at Zgierz, ul. Mielczarskiego",PM10,µg/m3,110.5,2025-02-07T14:00:00Z/2025-02-07T15:00:00Z,51.856692,19.421231,PL
3345,SPO_PL0115A_7_001,O3,µg/m3,43.8,2025-02-07T14:00:00Z/2025-02-07T15:00:00Z,51.856692,19.421231,PL
3345,SPO_PL0115A_10_001,CO,mg/m3,0.256,2025-02-07T14:00:00Z/2025-02-07T15:00:00Z,51.856692,19.421231,PL
3345,SPO_PL0115A_6001_001,PM2.5,µg/m3,22.2,2025-02-07T14:00:00Z/2025-02-07T15:00:00Z,51.856692,19.421231,PL
3345,SPO_PL0115A_38_001,NO,µg/m3,1.2,2023-05-04T08:00:00Z/2023-05-04T09:00:00Z,51.856692,19.421231,PL
3346,SPO_PL0559A_8_001,NO2,µg/m3,3.7,2025-06-21T19:00:00Z/2025-06-21T20:00:00Z,54.031247,19.032899,PL
3346,SPO_PL0559A_9_001,NOX,µg/m3,11.5582,2024-05-08T22:00:00Z/2024-05-08T23:00:00Z,54.031247,19.032899,PL
3346,SPO_PL0559A_1_001,SO2,µg/m3,5.4,2025-01-08T09:00:00Z/2025-01-08T10:00:00Z,54.031247,19.032899,PL
3346,"PM10 at Malbork, ul. Mickiewicza",PM10,µg/m3,8.4,2025-06-21T18:00:00Z/2025-06-21T19:00:00Z,54.031247,19.032899,PL
3346,SPO_PL0559A_7_001,O3,µg/m3,68,2025-06-21T19:00:00Z/2025-06-21T20:00:00Z,54.031247,19.032899,PL
3346,SPO_PL0559A_10_001,CO,mg/m3,0.334,2025-06-21T19:00:00Z/2025-06-21T20:00:00Z,54.031247,19.032899,PL
3346,SPO_PL0559A_38_001,NO,µg/m3,2.70772,2023-12-04T21:00:00Z/2023-12-04T22:00:00Z,54.031247,19.032899,PL
3347,SPO_PL0560A_8_001,NO2,µg/m3,8,2025-06-21T19:00:00Z/2025-06-21T20:00:00Z,54.546167,17.746194,PL
3347,SPO_PL0560A_9_001,NOX,µg/m3,20.2911,2024-05-08T22:00:00Z/2024-05-08T23:00:00Z,54.546167,17.746194,PL
3347,SPO_PL0560A_1_001,SO2,µg/m3,2.55872,2020-01-07T06:00:00Z/2020-01-07T07:00:00Z,54.546167,17.746194,PL
3347,"PM10 at Lębork, ul. Malczewskiego",PM10,µg/m3,22.4689,2024-05-22T08:00:00Z/2024-05-22T09:00:00Z,54.546167,17.746194,PL
3347,SPO_PL0560A_7_001,O3,µg/m3,93.3,2025-06-21T19:00:00Z/2025-06-21T20:00:00Z,54.546167,17.746194,PL
3347,SPO_PL0560A_10_001,CO,mg/m3,0.190926,2023-01-02T10:00:00Z/2023-01-02T11:00:00Z,54.546167,17.746194,PL
3347,SPO_PL0560A_6001_001,PM2.5,µg/m3,8.25627,2024-05-22T08:00:00Z/2024-05-22T09:00:00Z,54.546167,17.746194,PL
3347,SPO_PL0560A_38_001,NO,µg/m3,1.69435,2023-12-04T21:00:00Z/2023-12-04T22:00:00Z,54.546167,17.746194,PL
3348,SPO_PL0205A_8_001,NO2,µg/m3,27.4,2025-06-21T19:00:00Z/2025-06-21T20:00:00Z,52.658467,19.059314,PL
3348,SPO_PL0205A_9_001,NOX,µg/m3,15.5,2024-05-08T22:00:00Z/2024-05-08T23:00:00Z,52.658467,19.059314,PL
3348,SPO_PL0205A_1_001,SO2,µg/m3,2,2020-01-02T09:00:00Z/2020-01-02T10:00:00Z,52.658467,19.059314,PL
3348,"PM10 at Włocławek, ul. Okrzei",PM10,µg/m3,18.1,2025-06-21T19:00:00Z/2025-06-21T20:00:00Z,52.658467,19.059314,PL
3348,SPO_PL0205A_10_001,CO,mg/m3,0.615,2024-12-18T17:00:00Z/2024-12-18T18:00:00Z,52.658467,19.059314,PL
3348,SPO_PL0205A_6001_001,PM2.5,µg/m3,9,2025-06-21T19:00:00Z/2025-06-21T20:00:00Z,52.658467,19.059314,PL
3348,SPO_PL0205A_38_001,NO,µg/m3,14.4,2023-05-04T08:00:00Z/2023-05-04T09:00:00Z,52.658467,19.059314,PL
3349,SPO_PL0192A_8_001,NO2,µg/m3,13,2025-06-21T19:00:00Z/2025-06-21T20:00:00Z,50.768729,16.269677,PL
3349,SPO_PL0192A_9_001,NOX,µg/m3,23.1055,2024-05-08T22:00:00Z/2024-05-08T23:00:00Z,50.768729,16.269677,PL
3349,SPO_PL0192A_1_001,SO2,µg/m3,9.4,2025-06-21T19:00:00Z/2025-06-21T20:00:00Z,50.768729,16.269677,PL
3349,"PM10 at Wałbrzych, ul. Wysockiego",PM10,µg/m3,12,2025-06-21T18:00:00Z/2025-06-21T19:00:00Z,50.768729,16.269677,PL
3349,SPO_PL0192A_7_001,O3,µg/m3,54.1,2025-06-21T19:00:00Z/2025-06-21T20:00:00Z,50.768729,16.269677,PL
3349,SPO_PL0192A_10_001,CO,mg/m3,0.436,2025-06-21T19:00:00Z/2025-06-21T20:00:00Z,50.768729,16.269677,PL
3349,SPO_PL0192A_6001_001,PM2.5,µg/m3,6.65,2018-12-29T23:00:00Z/2018-12-30T00:00:00Z,50.768729,16.269677,PL
3349,SPO_PL0192A_38_001,NO,µg/m3,0.32942,2023-12-04T21:00:00Z/2023-12-04T22:00:00Z,50.768729,16.269677,PL
3350,SPO_PL0581A_8_001,NO2,µg/m3,8.8,2023-12-31T20:00:00Z/2023-12-31T21:00:00Z,52.793122,18.241044,PL
3350,SPO_PL0581A_9_001,NOX,µg/m3,9.1,2023-12-31T20:00:00Z/2023-12-31T21:00:00Z,52.793122,18.241044,PL
3350,SPO_PL0581A_1_001,SO2,µg/m3,6,2023-12-31T20:00:00Z/2023-12-31T21:00:00Z,52.793122,18.241044,PL
3350,"PM10 at Inowrocław, ul. Solankowa",PM10,µg/m3,18.4,2025-06-21T19:00:00Z/2025-06-21T20:00:00Z,52.793122,18.241044,PL
3351,SPO_PL0047A_8_001,NO2,µg/m3,3.6,2025-06-21T19:00:00Z/2025-06-21T20:00:00Z,54.400833,18.657497,PL
3351,SPO_PL0047A_9_001,NOX,µg/m3,20.5114,2024-05-08T22:00:00Z/2024-05-08T23:00:00Z,54.400833,18.657497,PL
3351,SPO_PL0047A_1_001,SO2,µg/m3,3.3,2025-06-21T19:00:00Z/2025-06-21T20:00:00Z,54.400833,18.657497,PL
3351,"PM10 at Gdańsk, ul. Wyzwolenia",PM10,µg/m3,8.4,2025-06-21T19:00:00Z/2025-06-21T20:00:00Z,54.400833,18.657497,PL
3351,SPO_PL0047A_10_001,CO,mg/m3,0.172941,2024-05-08T00:00:00Z/2024-05-08T01:00:00Z,54.400833,18.657497,PL
3351,SPO_PL0047A_6001_001,PM2.5,µg/m3,6.3,2025-06-21T19:00:00Z/2025-06-21T20:00:00Z,54.400833,18.657497,PL
3351,SPO_PL0047A_38_001,NO,µg/m3,15.6808,2023-12-04T21:00:00Z/2023-12-04T22:00:00Z,54.400833,18.657497,PL
3352,SPO_PL0526A_8_001,NO2,µg/m3,86.8,2025-06-21T19:00:00Z/2025-06-21T20:00:00Z,50.817217,19.118997,PL
3352,SPO_PL0526A_9_001,NOX,µg/m3,17.9234,2024-05-08T22:00:00Z/2024-05-08T23:00:00Z,50.817217,19.118997,PL
3352,SPO_PL0526A_1_001,SO2,µg/m3,17.7618,2020-01-17T08:00:00Z/2020-01-17T09:00:00Z,50.817217,19.118997,PL
3352,"PM10 at Częstochowa, ul. AK/Jana Pawła II",PM10,µg/m3,19.4,2025-06-21T18:00:00Z/2025-06-21T19:00:00Z,50.817217,19.118997,PL
3352,SPO_PL0526A_10_001,CO,mg/m3,0.927,2025-06-21T19:00:00Z/2025-06-21T20:00:00Z,50.817217,19.118997,PL
3352,SPO_PL0526A_38_001,NO,µg/m3,19.8422,2023-12-04T21:00:00Z/2023-12-04T22:00:00Z,50.817217,19.118997,PL
3353,SPO_PL0175A_8_001,NO2,µg/m3,4.1,2025-06-21T19:00:00Z/2025-06-21T20:00:00Z,53.789233,20.486075,PL
3353,SPO_PL0175A_9_001,NOX,µg/m3,6.53798,2024-05-08T22:00:00Z/2024-05-08T23:00:00Z,53.789233,20.486075,PL
3353,SPO_PL0175A_1_001,SO2,µg/m3,8.7,2025-06-21T19:00:00Z/2025-06-21T20:00:00Z,53.789233,20.486075,PL
3353,"PM10 at  Olsztyn, ul. Puszkina",PM10,µg/m3,10.0,2025-06-21T19:00:00Z/2025-06-21T20:00:00Z,53.789233,20.486075,PL
3353,SPO_PL0175A_7_001,O3,µg/m3,84,2025-06-21T19:00:00Z/2025-06-21T20:00:00Z,53.789233,20.486075,PL
3353,SPO_PL0175A_10_001,CO,mg/m3,0.208,2025-06-21T19:00:00Z/2025-06-21T20:00:00Z,53.789233,20.486075,PL
3353,"PM2.5 at  Olsztyn, ul. Puszkina",PM2.5,µg/m3,6.6,2025-06-21T19:00:00Z/2025-06-21T20:00:00Z,53.789233,20.486075,PL
3353,SPO_PL0175A_38_001,NO,µg/m3,3.49091,2023-12-05T17:00:00Z/2023-12-05T18:00:00Z,53.789233,20.486075,PL
3354,SPO_PL0045A_8_001,NO2,µg/m3,14.3634,2024-05-08T00:00:00Z/2024-05-08T01:00:00Z,54.353336,18.635283,PL
3354,SPO_PL0045A_9_001,NOX,µg/m3,15.3783,2024-05-08T00:00:00Z/2024-05-08T01:00:00Z,54.353336,18.635283,PL
3354,SPO_PL0045A_1_001,SO2,µg/m3,2.13024,2024-05-08T00:00:00Z/2024-05-08T01:00:00Z,54.353336,18.635283,PL
3354,SPO_PL0045A_5_001,PM10,µg/m3,13.3933,2024-05-08T00:00:00Z/2024-05-08T01:00:00Z,54.353336,18.635283,PL
3354,SPO_PL0045A_10_001,CO,mg/m3,0.261,2024-05-08T00:00:00Z/2024-05-08T01:00:00Z,54.353336,18.635283,PL
3354,SPO_PL0045A_38_001,NO,µg/m3,6.89877,2023-12-04T21:00:00Z/2023-12-04T22:00:00Z,54.353336,18.635283,PL
3355,SPO_PL0046A_8_001,NO2,µg/m3,10.9609,2020-03-12T10:00:00Z/2020-03-12T11:00:00Z,54.367778,18.701111,PL
3355,SPO_PL0046A_9_001,NOX,µg/m3,13.7646,2020-03-12T10:00:00Z/2020-03-12T11:00:00Z,54.367778,18.701111,PL
3355,SPO_PL0046A_1_001,SO2,µg/m3,1.45084,2020-03-12T10:00:00Z/2020-03-12T11:00:00Z,54.367778,18.701111,PL
3355,SPO_PL0046A_5_001,PM10,µg/m3,60.0103,2023-12-04T21:00:00Z/2023-12-04T22:00:00Z,54.367778,18.701111,PL
3356,SPO_PL0236A_8_001,NO2,µg/m3,33.3134,2020-01-20T08:00:00Z/2020-01-20T09:00:00Z,49.738136,18.639069,PL
3356,SPO_PL0236A_9_001,NOX,µg/m3,50.3355,2020-01-20T08:00:00Z/2020-01-20T09:00:00Z,49.738136,18.639069,PL
3356,SPO_PL0236A_1_001,SO2,µg/m3,18.4676,2020-01-20T08:00:00Z/2020-01-20T09:00:00Z,49.738136,18.639069,PL
3356,SPO_PL0236A_5_002,PM10,µg/m3,69.3099,2020-01-20T07:00:00Z/2020-01-20T08:00:00Z,49.738136,18.639069,PL
3356,SPO_PL0236A_7_001,O3,µg/m3,18.8321,2020-01-20T05:00:00Z/2020-01-20T06:00:00Z,49.738136,18.639069,PL
3356,SPO_PL0236A_10_001,CO,mg/m3,0.59974,2020-01-20T08:00:00Z/2020-01-20T09:00:00Z,49.738136,18.639069,PL
3357,SPO_PL0242A_8_001,NO2,µg/m3,64.7987,2024-01-10T10:00:00Z/2024-01-10T11:00:00Z,50.3165,18.772375,PL
3357,SPO_PL0242A_9_001,NOX,µg/m3,140.874,2024-01-10T10:00:00Z/2024-01-10T11:00:00Z,50.3165,18.772375,PL
3357,SPO_PL0242A_1_001,SO2,µg/m3,58.6535,2024-01-10T10:00:00Z/2024-01-10T11:00:00Z,50.3165,18.772375,PL
3357,SPO_PL0242A_5_002,PM10,µg/m3,207.741,2024-01-10T09:00:00Z/2024-01-10T10:00:00Z,50.3165,18.772375,PL
3357,SPO_PL0242A_7_001,O3,µg/m3,25.2192,2024-01-10T10:00:00Z/2024-01-10T11:00:00Z,50.3165,18.772375,PL
3357,SPO_PL0242A_10_001,CO,mg/m3,1.12268,2024-01-10T10:00:00Z/2024-01-10T11:00:00Z,50.3165,18.772375,PL
3357,SPO_PL0242A_38_001,NO,µg/m3,5.19618,2023-12-04T21:00:00Z/2023-12-04T22:00:00Z,50.3165,18.772375,PL
3358,SPO_PL0151A_8_001,NO2,µg/m3,19,2025-06-21T19:00:00Z/2025-06-21T20:00:00Z,53.181394,22.054381,PL
3358,SPO_PL0151A_9_001,NOX,µg/m3,7.8,2024-05-08T22:00:00Z/2024-05-08T23:00:00Z,53.181394,22.054381,PL
3358,SPO_PL0151A_1_001,SO2,µg/m3,1.7,2025-06-21T19:00:00Z/2025-06-21T20:00:00Z,53.181394,22.054381,PL
3358,"PM10 at Łomża, ul. Sikorskiego",PM10,µg/m3,18.8,2025-06-21T19:00:00Z/2025-06-21T20:00:00Z,53.181394,22.054381,PL
3358,SPO_PL0151A_6001_001,PM2.5,µg/m3,18.15890495,2018-12-30T23:00:00Z/2018-12-31T00:00:00Z,53.181394,22.054381,PL
3358,SPO_PL0151A_38_001,NO,µg/m3,0.8,2023-05-04T08:00:00Z/2023-05-04T09:00:00Z,53.181394,22.054381,PL
3359,SPO_PL0283A_8_001,NO2,µg/m3,31.89999999,2018-05-24T04:00:00Z/2018-05-24T05:00:00Z,50.872549,20.604998,PL
3359,SPO_PL0283A_9_001,NOX,µg/m3,44.5,2018-05-24T04:00:00Z/2018-05-24T05:00:00Z,50.872549,20.604998,PL
3359,SPO_PL0283A_5_001,PM10,µg/m3,23,2018-05-24T04:00:00Z/2018-05-24T05:00:00Z,50.872549,20.604998,PL
3359,SPO_PL0283A_7_001,O3,µg/m3,62,2018-05-24T04:00:00Z/2018-05-24T05:00:00Z,50.872549,20.604998,PL
3359,SPO_PL0283A_6001_001,PM2.5,µg/m3,9.9,2018-05-24T04:00:00Z/2018-05-24T05:00:00Z,50.872549,20.604998,PL
3359,SPO_PL0283A_1_001,SO2,µg/m3,10.1,2017-12-31T22:00:00Z/2017-12-31T23:00:00Z,50.872549,20.604998,PL
3359,SPO_PL0283A_10_001,CO,mg/m3,0.25,2017-12-31T22:00:00Z/2017-12-31T23:00:00Z,50.872549,20.604998,PL
